id,type,inst,cq,fmax,pcr noise,melt noise,tm
1dc8863a-c8c7-4686-bacd-533e84c99693,AdvBuild,1,23.7,1765,0.08,0.03,76
c9835670-2d47-43e8-ac07-94ea3bc6377f,AdvBuild,1,24.4,1785,0.07,0.06,75.8
4ed7ba4f-9eed-4025-918d-02ef45000018,AdvBuild,1,16,-103,0.1,0.09,73
95ddf2af-4427-446c-937e-339c205f82e1,AdvBuild,1,25,1835,0.06,0.02,76
2a94f117-6f49-4dce-8a0a-42956fd5f222,AdvBuild,1,25,2391,0.06,0.03,76
d58debc5-c23c-4cd8-a2fe-e24990127ed1,AdvBuild,1,25,1419,0.05,0.06,76
a288f148-9155-4e14-98ed-4db989bca9d9,AdvBuild,1,25,1326,0.05,0.22,76
471c9ad1-5d19-4957-b789-35e6f7a9a2ca,AdvBuild,1,25,1694,0.06,0.09,76
1e45934c-3fb1-46ee-93d6-ff7c353c9d15,AdvBuild,1,27,3192,0.03,0.14,76
107e752b-f3ed-4b5e-986f-2d52b38050bc,AdvBuild,1,24.9,1559,0.14,0.05,76.3
2facc303-4535-4b38-911f-8251bb4bdd19,AdvBuild,1,25,989,0.09,0.03,76
395ff009-53e1-40f8-ada5-cff3aabb859c,AdvBuild,1,,, ,  ,
0907cd00-785f-4486-9bdd-97842611e983,AdvBuild,1,25,902,0.05,0.02,76
28b901df-5ab5-47aa-bad3-20577fbebdd1,AdvBuild,1,25,1595,0.09,0.04,76
55cab85d-4d9f-415b-9fbe-0bce53f70d37,AdvBuild,1,24.4,1645,0.14,0.06,75.8
ac52dad7-5726-4669-bfd5-eeb170396459,AdvBuild,1,27,-72,0.87,0.12, 
cb6ee7eb-e7a9-4720-a963-775621e096e0,AdvBuild,1,17,363,0.76,0.53,64
415dadbb-375d-4f46-800c-2db047d553af,AdvBuild,1,25,962,0.09,0.06,75
8718989b-c0bc-499d-8b27-eb9a5d1e2bc8,AdvBuild,1,11,-60,0.89,0.14, 
443fecb6-307a-4fa0-a19e-8406ce04179e,AdvBuild,1,18,-38,1.27,0.1,60
4de0f907-8673-48a7-8262-170b458ab791,AdvBuild,1,25,1879,0.11,0.06,76
d2480d05-938b-4379-bd95-57d918b8f179,AdvBuild,1,25,2245,0.06,0.06,75
bebd2018-d8e2-4f62-81fd-10444de5d31e,AdvBuild,1,25,1620,0.04,0.06,75
56e6c6d9-f1fb-441a-9f58-1902edb36e84,AdvBuild,1,25,2688,0.1,0.06,75
778001f5-df03-445f-aa37-d659d01e370c,AdvBuild,1,25,2392,0.1,0.05,75
952a8e88-9fdc-4c12-b9d1-368f4ff42190,AdvBuild,1,8,-48,0.74,0.07, 
1832c8de-2b22-4a1d-8845-aeefbbe29feb,AdvBuild,1,25,2002,0.07,0.04,75
bd8319d8-a0a6-4e76-9ecd-7805183f6abd,AdvBuild,1,25,1901,0.1,0.05,76
518d528f-d9f4-4ceb-a3a0-60edb72cea04,AdvBuild,1,25,2043,0.09,0.07,76
e55381a2-650a-4007-943b-7562e2c40cea,AdvBuild,1,12,-473,1.23,0.08,85
35688e58-fc2e-43e6-8a58-f26a389a6463,AdvBuild,1,26,1633,0.1,0.05,75
3d1a162e-17c5-4ef2-bf1f-1c0c7301b10b,AdvBuild,1,25,1811,0.06,0.05,76
7b1cb680-3c48-4c63-9bcf-2b96ae039ec6,AdvBuild,1,25,2151,0.1,0.06,75
e1aa066f-f47a-4122-acd7-273c8dbb26a2,AdvBuild,1,24,2402,0.1,0.06,76
30c31f11-7a5e-4aa9-b955-25f268b7b696,AdvBuild,1,24,544,0.15,0.05,76
74df828d-13c1-4c0a-b4ff-7d84f101b583,AdvBuild,1,,, ,  ,
352616e7-4197-4c86-9add-3b188c547bee,AdvBuild,1,24,1580,0.09,0.02,76
4a13304e-0eae-47ef-8fdc-542f39566c93,AdvBuild,1,25,815,0.05,0.04,76
14e5b280-6e42-4072-bf73-40f2928e96ce,AdvBuild,1,24,1641,0.08,0.08,75
7a1a31f6-03fd-468e-bb69-3d9c9f6e8893,AdvBuild,1,24,879,0.04,0.03,76
209c79fe-64fb-4628-a9eb-71a3f994cd03,AdvBuild,1,24,1297,0.1,0.07,75
4569138c-c5d3-4007-a3a3-96efd869621c,AdvBuild,1,24,799,0.05,0.03,76
6b9991e1-739f-40e5-b911-042754541109,AdvBuild,1,24,1277,0.08,0.07,75
e4df9202-0af9-4fb8-8fa5-23c885ef01e0,AdvBuild,1,24,797,0.04,0.05,76
a6ad0d1e-61d7-43af-ae47-6c9f411e1793,AdvBuild,1,24,1201,0.22,0.4,76
4b3c2d14-a0bc-4821-a0af-34005ca0d011,AdvBuild,1,,, ,  ,
b7b5783e-e6b4-4fd6-8bd0-7d35a1c7d7e4,AdvBuild,1,20,-239,1.55,0.22,68
2fa46764-3c63-44ee-96a4-f4c908832576,AdvBuild,1,25,1504,0.14,0.04,76
2c47b1b9-e10f-4dca-bb10-c9dd8d0e02b5,AdvBuild,1,14,-358,1.04,0.18,86
db9d1e0a-99d5-4f0e-985d-24bcc41a7166,AdvBuild,1,31,763,0.06,0.05,75
885f95a9-7b07-4fb7-8fbd-7a47a15c1998,AdvBuild,1,24,2235,0.06,0.03,75
68e09222-0556-4752-8034-0008678ca078,AdvBuild,1,25,2196,0.05,0.04,76
d32b7f80-e8e3-41e3-b397-e6d4da2d1d07,AdvBuild,1,24,2192,0.05,0.16,75
f5bc2ed1-3896-49b8-b77c-a5f2991fabc4,AdvBuild,1,24,877,0.08,0.05,76
bc29ddb6-0c33-4ab6-9441-f06aa77f4f82,AdvBuild,1,24,1793,0.06,0.03,75
f68bed24-b111-4861-9bc6-777db0e85f25,AdvBuild,1,24,699,0.08,0.08,75
9257768d-1719-4ee8-bbf5-db0955c65fa0,AdvBuild,1,24,859,0.11,0.05,76
1d20da5c-7918-431c-ab0e-0658264d1751,AdvBuild,1,12,15,2.04,0.3,68
57340397-1909-420e-8c13-3c38027935ec,AdvBuild,1,20,-46,0.83,0.12, 
9c6263b6-c0ac-4efd-ae4f-534c965fcda4,AdvBuild,1,25,1768,0.06,0.17,76
c8d7c1c5-f04f-4e1a-818a-8f9bc6eba48f,AdvBuild,1,25,948,0.05,0.04,75
d6b6f45d-9510-484f-ad0b-34a8fb712d53,AdvBuild,1,25,1841,0.09,0.08,75
b6312e9d-dec5-4796-8761-67cfd475b0e8,AdvBuild,1,25,1862,0.1,0.06,76
95260cfb-36ad-4363-9baa-34b6e41fd394,AdvBuild,1,24,1668,0.1,0.04,76
ddf14a8e-8d8e-46ea-90a4-5900159e8e1b,AdvBuild,1,24,829,0.1,0.03,75
d1abbe58-7dba-4dfb-8b45-3dedd75799f6,AdvBuild,1,25,1546,0.08,0.06,76
9efb269d-e07d-44eb-80ee-7aecec47d231,AdvBuild,1,25,1332,0.07,0.03,76
98681f34-18fa-4a99-a1bb-82524bdc7336,AdvBuild,1,17,-39,1.82,0.09,72
473ece11-4861-4102-9a3c-0925e574d701,AdvBuild,1,26,1317,0.11,0.06,75
da6e7285-7a09-4fcc-9275-6d0fa95a3313,AdvBuild,1,28,-184,0.73,0.09,74
6a6a3fdd-58d1-483f-a854-e41713241b55,AdvBuild,1,19,-63,1.01,0.07,76
a7e224f7-9833-459b-956c-575cd491c4e7,AdvBuild,1,26,1267,0.04,0.03,76
ef64eede-e085-4bdd-9528-63faf79debad,AdvBuild,1,20,-74,0.77,0.05,70
4c7869db-28c6-47cd-ad29-781942f927a7,AdvBuild,1,30,792,0.23,0.05,76
44f836fc-ac89-4a00-8abe-7862953167da,AdvBuild,1,19,-172,1.18,0.14,88
e2c8b113-7889-4d2d-8f50-73b6149afee9,AdvBuild,1,8,-78,0.91,0.12,75
ab6242df-f635-452e-9c31-f1b38bd17488,AdvBuild,1,27,1123,0.04,0.02,76
f4d0fee5-abf4-4563-8e36-994a48c7e8b2,AdvBuild,1,12,-44,0.46,0.1, 
967ccb2f-d139-48e8-af4c-d1acedd85d49,AdvBuild,1,26,1343,0.05,0.02,76
6248fef8-de45-4e50-84f9-560957992096,AdvBuild,1,27,683,0.06,0.02,76
43d4c627-1889-48a3-a668-821bbfc513b2,AdvBuild,1,17,-35,0.71,0.09, 
1c979f89-b883-48c9-baaa-6f8bb0a9d1d4,AdvBuild,1,15,-1454,0.03,0.04, 
aa47d28a-8d73-4028-b1f2-7aa44cb81651,AdvBuild,1,26,1161,0.08,0.02,76
e33d35b6-8a46-40ae-a15b-0afddd4c0917,AdvBuild,1,10,-69,0.75,0.1,67
15aeda77-080b-4e75-9d5d-ff7fdd5f0c79,AdvBuild,1,27,1177,0.16,0.03,76
1dcbd91c-db64-4936-b595-4c9d84df0625,AdvBuild,1,13,-112,1.07,0.07,85
bb7d0d76-9cfa-4ab4-a1aa-6db41dbda01b,AdvBuild,1,30,162,0.14,0.04,76
cdb3636f-3021-49ef-896c-0fecaed802e1,AdvBuild,1,27,-59,1.9,0.16,85
db8198fc-4ada-4dc4-9723-1e835e7660d6,AdvBuild,1,29,382,0.16,0.09,75
3a8f71d6-df70-46b9-a0bc-3e003e7bdfe4,AdvBuild,1,,, ,  ,
2738b9be-9839-4f93-aaa8-e608c3bda1fc,AdvBuild,1,23,1289,0.33,0.06,76
77924656-1329-4261-977b-443ff9cee3d9,AdvBuild,1,27,3777,0.09,0.04,76
76ee2066-4bde-464b-8c6e-c5a4884f4976,AdvBuild,1,15,-121,0.29,1.13,79
f7db03e3-7635-4bf0-ae4f-66e3bc971dec,AdvBuild,1,,, ,0.07,
8977702d-dece-4973-8ad5-c70f66c1c66a,AdvBuild,1,27,3346,0.02,0.03,76
4ce38759-98b8-4387-8030-523fecab9281,AdvBuild,1,28,2988,0.02,0.03,76
bab3f436-dd83-43f7-9db3-969eca9ab96a,AdvBuild,1,25,1251,0.14,0.1,77
10b698fb-bfc9-406f-82c1-9e3ba81ff7ba,AdvBuild,1,26,876,0.8,0.14,75
51cd9b55-b530-40dd-bfbe-a9af68a1cf1e,AdvBuild,1,25,2403,0.03,0.08,77
2c1b9113-4da6-40f3-b784-5d3ad8b4f44b,AdvBuild,1,25,1395,0.3,0.1,76
c1b2b956-5327-4ff4-bcd2-24186512ed39,AdvBuild,1,24,2722,0.07,0.05,77
4a8e98b3-548e-4736-b334-c65f596f899e,AdvBuild,1,31,1871,0.04,0.03,77
c988a790-883f-4933-bc39-2acbfa334375,AdvBuild,1,28,1602,0.81,0.09,76
0d911d34-d4a7-4544-a357-39adbd6aa3a7,AdvBuild,1,27.7,516,0.15,0.04,76.8
7907701b-9a6e-4c53-92f4-92761a4ee60c,AdvBuild,1,26,2635,0.07,0.01,76.7
02b3891d-df4c-40ce-94e2-37bf5ca52851,AdvBuild,1,28,1429,0.28,0.08,76
311b97c1-70a8-4b0a-87cf-0073fa6026e0,AdvBuild,1,28,2687,0.07,0.03,77
5deb2659-bb17-4aa3-9bd4-ea5e8914a87b,AdvBuild,1,25,1695,0.09,0.04,77
affa9852-1328-4bd4-9c32-afa756199951,AdvBuild,1,26,2354,0.28,0.08,76
e3ebc822-0a30-4b64-bb0a-de01c942bc01,AdvBuild,1,24,3080,0.08,0.03,76
e7e8cb10-5ba0-4a5f-b572-c50ef49d0c8f,AdvBuild,1,25,2448,0.04,0.07,77
6e3927c5-a6fc-4c58-8429-57c6d2c794de,AdvBuild,1,,, ,  ,
b2ff6b1d-021e-4934-b740-8badbe3572ec,AdvBuild,1,29,2770,0.07,0.04,77
751882a4-dc8f-408e-8ef4-c3367ee3812e,AdvBuild,1,33,1657,0.08,0.06,76
51273551-0c54-41db-8b2e-7829c4c2af4a,AdvBuild,1,23,1685,1.75,0.36,76
8bf18794-48f3-4fac-8647-1b925b1392fd,AdvBuild,1,27,970,0.3,0.09,75
85f68609-4035-4f5a-b9e2-8f2d9e9bc9a6,AdvBuild,1,27,1638,0.52,0.08,75
04d0968b-e144-4e5e-aa25-0c2fc108f019,AdvBuild,1,29,1156,0.16,0.06,77
bded777d-27d0-483b-8222-50717db3965b,AdvBuild,1,30,1251,0.34,0.08,77
549f0b9d-bf0f-4a33-9e6e-058d7e14bd1e,AdvBuild,1,18,-1030,0.99,0.2,75
2745433b-8e84-4881-abb9-05b657c1133b,AdvBuild,1,,, ,0,
b25280f4-c3ca-4e94-ba3d-e27b06ffb6fe,AdvBuild,1,,, ,  ,
aa06f729-be23-440c-a708-6a19091961b2,AdvBuild,1,25.5,2174,0.11,0.08,76.6
a5a639a0-5ae0-423c-a1a2-c8b3c0fedc2f,AdvBuild,1,26,1587,0.08,0.04,77
948461e3-036b-497f-95ee-1d72d62ce85f,AdvBuild,1,26,1103,0.08,0.02,77
787ca63e-762a-4502-ae31-5e68ab9731de,AdvBuild,1,26,1684,0.06,0.03,77
4061aafb-27b1-4d3a-b3b8-dd4f68774e0e,AdvBuild,1,26,1623,0.08,0.02,77
7514c596-24a2-4a58-98af-70bbd76ca699,AdvBuild,1,26,1572,0.06,0.03,77
b47f81b3-50a6-4f17-bed7-0a88628b0249,AdvBuild,1,26,1275,0.04,0.02,77
22caa709-e8ab-4c21-965d-39a2bf209c5f,AdvBuild,1,29,317,0.61,0.17,75
6cdb5750-ee72-4b6d-9e3f-1c474d4413d2,AdvBuild,2,24.5,606,0.07,0.05,76.3
38424bf0-2bae-4591-b6f1-c1bfe51ea9b7,AdvBuild,2,24.4,641,0.06,0.05,76.2
2aa137bd-2cb1-42ca-b8e9-e29b992bc77e,AdvBuild,2,15,-714,0.06,0.11,83
eb8d5b59-e035-42c8-aee6-a053b8930d12,AdvBuild,2,24.3,665,0.03,0.02,76.2
13a499b3-c0e7-478b-a4c7-4127df9b9174,AdvBuild,2,24,532,0.07,0.09,75
ba5e7e59-85c0-4a15-b723-fb07f4a4f8d4,AdvBuild,2,23,472,0.11,0.06,75
42fe79d1-fd37-4375-9ea9-f08c19014d6f,AdvBuild,2,26,2769,0.15,0.02,76
5e5ab75a-32fc-463c-8e87-599c405d6d54,AdvBuild,2,26,362,0.1,0.07,76
142c0d8a-8319-4eff-96f4-50dc2fdd7abe,AdvBuild,2,25,650,0.06,0.03,76
ac7d2460-ccfb-4079-afd3-c68a8fb30e36,AdvBuild,2,25,1911,0.14,0.1,76
10c08b52-a6dc-4533-a30f-ef5bda43d462,AdvBuild,2,24,1736,0.08,0.03,76
0bbe3b7f-91b6-4bae-b14e-7ef1573ad212,AdvBuild,2,25,1442,0.07,0.03,76
52514ff2-edd4-4b4d-92e3-97ef7dc9eefe,AdvBuild,2,25,608,0.09,0.02,76
cafded9c-ccc1-4861-a1e9-01b9b483f702,AdvBuild,2,25,1938,0.07,0.1,76
af176192-b221-48cb-98a7-57e8a7c86d89,AdvBuild,2,27,-561,0.48,0.04,85
bf930206-9a81-4ba0-8092-8887af47516a,AdvBuild,2,24,714,0.09,0.16,76
9d6217b6-1279-4d56-92e0-2463e35d6504,AdvBuild,2, ,-42,0.59,0.15,63
7c938da4-3a5c-4685-9db5-18a8bd4144b5,AdvBuild,2,25,758,0.07,0.05,76
554781e8-6b75-493f-9e32-8aedfd9eb08c,AdvBuild,2,25,1523,0.05,0.04,76
1cf45557-b3c3-403c-9085-4c6d37f9b06e,AdvBuild,2,24,946,0.07,0.05,76
340d37c0-0e0e-4e5a-9975-64dbd45b037e,AdvBuild,2,26,779,0.06,0.08,76
fe5af403-99da-46a7-ab2a-0027f5c2df28,AdvBuild,2,25,1050,0.03,0.05,76
a1a7449b-2f27-45f7-b769-b78f9b162043,AdvBuild,2,24,597,0.3,0.04,76
6a49a173-c3d3-4c93-9045-4fbfdcef8402,AdvBuild,2,22,-49,0.75,0.21,59
beaee5f5-07f3-42ef-aab6-23289fc4c777,AdvBuild,2,25,1460,0.63,0.04,76
ed084a4d-e6ac-4f7c-ae93-bb34b5ad470a,AdvBuild,2,24,1399,0.14,0.03,76
51dab392-17a2-4111-a761-271f66290caf,AdvBuild,2,25,833,0.14,0.04,76
93ebdd34-8fe9-456b-8ef7-3f6a96369ae4,AdvBuild,2,27,-434,0.49,0.11,85
5e84510a-b63c-4ed3-8dcf-9b680e3f5d6c,AdvBuild,2,24,815,0.05,0.02,76
5f992727-4016-49db-a0da-d313222aea35,AdvBuild,2,25,760,0.05,0.17,76
0d407176-f4f9-4f56-9b7a-6cebf557f482,AdvBuild,2,24,811,0.06,0.02,76
75db6e0f-320a-47ce-89d0-32d1397452d4,AdvBuild,2,11,-17,0.86,0.12,77
35855258-6269-4631-bd38-26302f952ba0,AdvBuild,2,,, ,  ,
193ec135-5949-46b0-842d-9aec6a734fc3,AdvBuild,2,32,-78,1.4,0.1,84
367c669d-13f4-471f-92e3-2ff8ec5014ed,AdvBuild,2,24,617,0.19,0.1,76
39b284ee-990b-4777-b193-c435e68d5396,AdvBuild,2,24,947,0.06,0.03,76
188e8d68-7ec6-483c-bf31-fdca089d43b9,AdvBuild,2,26,572,0.06,0.05,76
b0cb4188-80f5-437d-98fb-545ae7b868b3,AdvBuild,2,24,648,0.08,0.15,76
b2acec8a-ffab-42e4-9a48-4f976cd12ec0,AdvBuild,2,24,854,0.15,0.03,76
7e1fd692-0c50-4b90-994a-05a6a8107951,AdvBuild,2,25,1695,0.07,0.02,76
7cd5f557-a611-43ae-ad95-9e88a999a2be,AdvBuild,2,17,-23,1.04,0.57, 
0f4f990c-e172-4c4a-837e-543a8b633fd1,AdvBuild,2,26,1374,0.07,0.03,76
75a6a168-6d40-4fa8-ab8c-bce8b8d85a77,AdvBuild,2,24,775,0.1,0.05,76
35c79ebd-62c7-4053-b3fa-7481ded15e68,AdvBuild,2,25,1610,0.07,0.08,76
c0db12c6-2a53-48be-abb7-49c0c0424b51,AdvBuild,2,24,665,0.09,0.03,76
c5bf124c-29db-45cf-8958-6a2663fce1d8,AdvBuild,2,24,838,0.05,0.03,76
08e5f9e4-0441-4e56-9774-f563b6f72dbb,AdvBuild,2,26,841,0.12,0.06,76
9b71ece8-0e27-4f40-80f6-4457636e9852,AdvBuild,2,25,651,0.11,0.09,76
eef4705f-6b2c-47c6-b631-01678188d569,AdvBuild,2,25,1782,0.05,0.03,76
9108e9bf-471b-4f44-a8ef-0cdf7866b158,AdvBuild,2,24,1139,0.13,0.1,76
caf8faa6-177a-4b9f-a7ca-f7736b9146f1,AdvBuild,2,24,1321,0.06,0.26,76
0a73495c-7509-41fb-9b10-2b38fbeafad1,AdvBuild,2,25,1650,0.08,0.03,76
4db2c0c0-c875-4e63-a20d-e9085201ee80,AdvBuild,2,24,1109,0.07,0.08,76
281553cb-f614-467b-a1d1-4ee73e961274,AdvBuild,2,25,1417,0.09,0.03,76
62a29485-b5b7-491b-9a83-1cab19b02cbf,AdvBuild,2,24,577,0.08,0.04,76
5f16e3a8-698a-4bae-838a-1f5354df1210,AdvBuild,2,25,1654,0.08,0.26,76
ee5ad9b1-014c-49a1-b435-91970cb1ab20,AdvBuild,2,25,569,0.1,0.04,76
877155f9-01b2-4f0b-bb46-a9d8a33c529e,AdvBuild,2,26,406,0.2,0.05,76
d3af5949-fe64-4898-a2a3-ea6e3c95c0f3,AdvBuild,2,,, ,  ,
043a6455-3abb-432b-afab-3353c253a4dd,AdvBuild,2,24,755,0.09,0.05,76
87fc7c9c-5499-44d7-96fd-f99fa25bc230,AdvBuild,2,25,1446,0.1,0.04,75
a3dc267b-df72-4602-b582-2accd2ad818c,AdvBuild,2,25,168,0.26,0.11,76
32565f60-e7ea-4291-8b5e-b22cf02e6d8c,AdvBuild,2,24,867,0.04,0.02,76
5dae8ad0-a964-4818-aa8b-6376ae09fb27,AdvBuild,2,24,848,0.06,0.07,76
83a2081e-14dc-42fa-9636-b5936097ad70,AdvBuild,2,25,1115,0.08,0.06,76
9180e45f-bb05-4030-8cc3-8779009954fb,AdvBuild,2,24,632,0.11,0.04,76
0968a973-781b-4e5b-814f-e292368d1de1,AdvBuild,2,25,857,0.06,0.04,76
11d89933-e8f0-4cb5-978d-10b29f16e834,AdvBuild,2,25,515,0.07,0.05,76
a2b6a9a1-f30f-48c2-8c4f-e010460d7b86,AdvBuild,2,11,-24,1.04,0.15, 
861e5c6f-7881-4262-8c10-fbe1a19e3589,AdvBuild,2,21,-26,0.59,0.11,66
3ff61aba-78aa-46fa-b95d-2b77a9ba99f6,AdvBuild,2,27,1481,0.03,0.02,75
273c45c3-dac9-4a8e-b30d-a6ef231a2490,AdvBuild,2,21,-45,0.55,0.08, 
6b8f98dd-905f-44f6-83d2-4bb586d8271d,AdvBuild,2,15,-350,0.05,0.18,87
3edb3cde-afc2-4e35-acc5-3ed272e19ced,AdvBuild,2,29,-25,0.8,0.13,61
04f01ef9-140d-4fa4-808b-84ac924325bd,AdvBuild,2,,,0.05,  ,
42e1e7e2-3bde-49a8-bf4b-ae5158ab0bda,AdvBuild,2,21,-33,0.56,0.09, 
935dd0df-ae37-493c-8e89-80ff61bc73c0,AdvBuild,2,21,-35,0.56,0.09, 
d873a48e-368d-4f54-9a9a-4fc6f2521ce9,AdvBuild,2,26,1061,0.27,0.08,77
fb441f05-1d8f-45cd-8631-fc34bafc9f18,AdvBuild,2,27,3583,0.02,0.03,76
f908ec2f-afff-4bd2-bb97-4de18e41c2ae,AdvBuild,2,26,4585,0.02,0.03,76
2f912aad-100f-4220-8c09-85bb874f0a27,AdvBuild,2,27,3845,0.06,0.14,76
0885ad26-e657-4cdf-9121-7dc440a932d1,AdvBuild,2,27,3697,0.03,0.02,76
ab65d5cb-ee11-4b69-afb1-87a6f8f73f4d,AdvBuild,2,27,3214,0.04,0.04,76
b4e90eb3-0076-43f9-b9df-a1a952afb5ea,AdvBuild,2,27,2472,0.04,0.03,76
41c2de4f-aeb1-4f56-a12d-c37df7b47171,AdvBuild,2,26,4305,0.03,0.02,76
08074666-571d-47cb-b0bf-ce057c57991c,AdvBuild,2,27,3625,0.04,0.07,76
6f4c1338-423c-4cb4-8d34-46cc6e9e92d4,AdvBuild,2,26,4222,0.04,0.02,76
050b2549-44b2-40fd-9a26-b2e84112f568,AdvBuild,2,27,3540,0.03,0.04,76
c5f47e9f-37d2-4084-93aa-0eac95a398e0,AdvBuild,2,27,3498,0.01,0.03,76
642a1d2c-a534-45ec-b71b-cd01eb989623,AdvBuild,2,26,4353,0.02,0.05,76
9c70b508-d4db-4a78-9080-97640384ecd6,AdvBuild,2,27,3966,0.03,0.02,76
eaf107b4-36aa-463d-8270-6191e2128ed3,AdvBuild,2,24.8,411,0.13,0.06,77
7b9c6ae7-eb93-4ab5-bac7-ed50a06324a8,AdvBuild,2,24.3,482,0.07,0.08,76.8
6f182728-6d37-42ea-94b2-88ca28a3b3de,AdvBuild,2,33,223,0.73,0.13,76
b04804b2-4bd9-473e-b85b-c39e819fd74e,AdvBuild,2,31,753,0.1,0.03,77
b79aa065-4e32-4fe4-a1e9-b998ad325728,AdvBuild,2,15,-1261,0.07,0.08,86
998afe73-2282-498c-8045-336b16a29123,AdvBuild,2,27,-264,0.99,0.18,75
2187546d-d468-434a-955a-72bf4a76f5a3,AdvBuild,2,17,-591,0.02,0.09,83
ade86ea1-3033-42c0-a90a-abcaa0168b6b,AdvBuild,2,27,604,0.67,0.12,76
326c1dda-a54f-4236-b01e-f2c4e7c2fb4d,AdvBuild,2,,, ,  ,
c5cbe225-ac96-4c21-a33a-0e9f84b1234e,AdvBuild,2,27,434,0.51,0.13,75
715afa0f-f90a-444b-b1c4-4d3439d7a56b,AdvBuild,2,28,960,0.04,0.03,77
045b6bcf-ec2e-417a-b3c3-f108d3492d8b,AdvBuild,2,25,1195,0.31,0.06,77
ca935b4b-c92e-4797-a00f-f51baf995eb7,AdvBuild,2,28,-364,0.91,0.18,76
1862c282-53b4-47b5-babb-3fbd238dbdc9,AdvBuild,2,24,1114,0.07,0.02,77
eaa9ca28-6814-4561-b7b5-7c801d1d58ab,AdvBuild,2,27,647,0.2,0.07,76
97299500-4ad7-44b1-9567-54294d42e921,AdvBuild,2,23,1003,0.09,0.03,76
1c3da844-5658-4386-931d-8ec2e74b4403,AdvBuild,2,27,890,0.09,0.05,77
95b36769-ebd7-4d5e-ac9f-e70b34bdbb17,AdvBuild,2,24,894,0.05,0.02,77
d165a1ed-33f3-4301-80c5-01afb169bb58,AdvBuild,2,28,972,0.11,0.03,77
9c21d5e1-07e4-493a-8625-244c73a72b0a,AdvBuild,2,12,-31,0.94,0.07, 
b37cb9c7-46ad-475a-a497-a5fa66363090,AdvBuild,2,24,1278,0.06,0.02,77
e031292c-3059-471e-9a6d-55b26e3d8161,AdvBuild,2,24,1189,0.04,0.02,76
7809fe2c-83b7-4d04-bd5d-5c9b59922e0e,AdvBuild,2,25,334,0.12,0.09,77
67849ca0-1a06-4c21-93c5-f5ee9d04645a,AdvBuild,2,18,-498,0.73,0.32,78
4800b0bc-8e29-4b9a-b50b-f0f10f49de42,AdvBuild,2,25,554,0.07,0.06,76
0d7a246d-9f44-4380-a285-0ed2d64aab5e,AdvBuild,2,25,525,0.1,0.22,77
a2f02e49-f131-4030-a72d-18a66efae433,AdvBuild,2,28,-97,1.2,0.23,77
a6df0753-045a-4894-91d9-605fd862b262,AdvBuild,2,26,1115,0.07,0.03,78
0e228139-ee0f-4314-bf62-caf98d1ec8f0,AdvBuild,2,26,1286,0.07,0.03,78
c511b6d5-1249-4c36-b8a6-557f716c47f3,AdvBuild,2,16,-368,0.07,0.21, 
a2f0c69c-188d-4f95-a9ce-6a6267ea585c,AdvBuild,2,26,1415,0.06,0.02,78
07e54c96-23e1-4cc1-b4d5-5348f3bf0e64,AdvBuild,2,26,1080,0.06,0.02,77
6669bf57-b3bc-4a44-b93a-93d238ca4419,AdvBuild,2,26,495,0.08,0.03,78
fbc9ca2b-8476-4da2-964c-bd93a76cb306,AdvBuild,2,27,1076,0.05,0.03,78
df05aba8-d2da-42e9-b830-a904454c8abf,AdvBuild,2,26,486,0.09,0.03,78
8e09710f-e5e5-4dfb-bf10-fe442a7316f7,AdvBuild,2,25,355,0.11,0.03,78
e6a5d0ab-0fda-4557-af4b-b6ca0179cf06,AdvBuild,3,25,1223,0.09,0.03,76
2373d98f-92da-4b2d-92d3-73158c6078f2,AdvBuild,3,24,1458,0.06,0.03,77
2c20e686-cddf-46e0-bf1e-21b25b10c7ad,AdvBuild,3,25,1483,0.07,0.03,76
daf92644-6f76-484c-a04e-465fde777ce5,AdvBuild,3,28,1782,0.07,0.03,77
0310a06f-a915-4881-981c-2a10934748ed,AdvBuild,3,27,2918,0.07,0.03,76
c0f0d07c-4c7e-4e0a-95ce-fd9cc7454e54,AdvBuild,3,26,1577,0.08,0.03,77
035b8ea5-3dd7-44c8-a319-73dda0a1b14d,AdvBuild,3,23,-32,0.67,0.09, 
60379543-64b3-40e1-8fec-7cca1c3272eb,AdvBuild,3,26,1393,0.08,0.03,77
6c3f4b4a-83f6-41b0-a011-7d597c59cdc0,AdvBuild,3,,, ,  ,
b76ca89c-1ff4-4dea-8f83-f3a83f104df2,AdvBuild,3,,, ,  ,
f87cccf9-3a40-4292-ae60-3e2973016289,AdvBuild,3,29,701,0.06,0.02,76
9f9db218-3feb-4554-8094-4f95c23723b1,AdvBuild,3,7,-26,0.77,0.06, 
37849641-7b28-4ec7-a7f7-07d1408b6dcc,AdvBuild,3,27,1753,0.04,0.03,76
b5f6774a-7714-4017-af2c-31a57900e1d2,AdvBuild,3,27,3519,0.06,0.03,76
83ba561e-b49a-4a2a-ae28-b6cbc1e67e79,AdvBuild,3,25,1467,0.08,0.02,76
0a7cbd11-51bf-4499-84d4-c6297feeec05,AdvBuild,3,28,1551,0.1,0.03,76
d9fe9fd9-79f9-4163-912d-a6c6382643b5,AdvBuild,3,11,-163,0.94,0.05,76
b878f0de-d94a-49f8-9b62-95a82b26158c,AdvBuild,3,10,-79,1.08,0.07,84
ac88f07d-d33f-4f58-beee-729098ba8f75,AdvBuild,3,27,2458,0.04,0.03,76
032ff405-ea84-4ab8-a304-c1ec27371c89,AdvBuild,3,25,1574,0.06,0.02,76
fa6deb83-12dd-4e23-b0df-32e196848333,AdvBuild,3,27,2744,0.03,0.02,77
20fa1be6-c874-4839-8831-1b842141d0ba,AdvBuild,3,27,-34,0.79,0.07,58
c6946c08-4515-4398-a9a9-a5c87ef8cd5f,AdvBuild,3,18,-44,0.76,0.09, 
493b101e-8bc5-4364-867b-9966ae1fcf74,AdvBuild,3,21,-40,0.8,0.08, 
40cad462-c69c-412f-9390-e4f84ce354d9,AdvBuild,3,27,2786,0.05,0.08,76
a1f12604-04a1-4e77-8098-34dffc2af08f,AdvBuild,3,21,-38,0.82,0.07, 
cf6e5f76-120f-4fd6-915e-e6933afa4209,AdvBuild,3,26,1463,0.09,0.04,77
d029b15b-56f8-4f45-885e-975674ce692e,AdvBuild,3,26,1122,0.08,0.03,77
8fb27708-9c2b-4ea3-81a3-8a7f8298f6b7,AdvBuild,3,27,1197,0.11,0.03,77
54b34304-51e8-4bcb-8e65-fd03560e4bd3,AdvBuild,3,26,1602,0.07,0.04,77
503e1e05-b588-43e6-b5a2-ed26fd09ec80,AdvBuild,3,26,1867,0.08,0.03,77
0c1e184c-af3f-48d1-b2df-a217512d14eb,AdvBuild,3,25,1914,0.08,0.02,76
38844b8f-b96f-4cb8-95af-df74b20b895a,AdvBuild,3,26,1473,0.07,0.03,77
105b6f63-334b-4403-a27c-a5ee07c9d2ef,AdvBuild,3,26,993,0.15,0.05,78
be7ea74c-c010-4d40-9dc7-8cdea5cfca36,AdvBuild,3,26,1826,0.06,0.02,77
9cb446a7-447a-469e-8936-e3de43138adf,AdvBuild,3,26,1328,0.05,0.05,77
493887b1-258e-4946-8dae-4caafd188ddf,AdvBuild,3,27,1232,0.04,0.02,78
59ae497d-1a85-429b-bbb0-7c8b06b1d4fa,AdvBuild,3,27,1511,0.06,0.02,77
7e33b148-e637-4574-9fff-39e70a2627f9,AdvBuild,3,27,1568,0.07,0.02,77
d341bfa1-fffc-455a-ae46-ba7335be668b,AdvBuild,3,27,1873,0.05,0.02,77
4d3d9bca-f643-4b7d-83aa-22a8ffadf0bc,AdvBuild,3,27,1792,0.05,0.02,78
44f35d19-3a31-4141-b631-8aae1d720b2e,AdvBuild,4,28,371,0.11,0.03,75
185e9813-8246-4b99-9da6-e779e7a62bd5,AdvBuild,4,25,850,0.07,0.02,75
815f4067-f27d-4e4a-8025-a237b06fef0b,AdvBuild,4,25,872,0.08,0.02,76
f89c98d3-13cb-450d-8fc7-74f509f2661b,AdvBuild,4,24,413,0.18,0.1,75
1fbf4994-fc71-4e77-8926-992b9b668448,AdvBuild,4,10,-53,0.18,0.21,65
1042e6e4-64f3-41cb-b938-9919c1529f4c,AdvBuild,4,27,361,0.09,0.04,75
78b82598-408f-4a6b-844f-33c960de6a4a,AdvBuild,4,27,472,0.06,0.03,76
f2133d3d-3292-4e3e-8540-2bd28e024cc3,AdvBuild,4,26,710,0.05,0.03,75
75932da1-64c3-41ab-b855-ce4f10aa77c4,AdvBuild,4,24,1426,0.09,0.04,75
92f6eb75-8fc0-4358-b6da-57d61c0be51a,AdvBuild,4,26,1195,0.14,0.07,77
829e4025-d7cb-4832-89c9-15854a692726,AdvBuild,4,12,-38,0.54,0.14,59
eb0e34db-7c55-4c1b-8ff4-f7249d857b3e,AdvBuild,4,25,1145,0.15,0.04,76
5f0df861-7e0d-4bb0-b66b-410c49303075,AdvBuild,4,33,432,0.13,0.03,76
5e269d66-d59b-4bec-8f9c-c82a565cd5da,AdvBuild,4,24,1412,0.05,0.04,75
5e5fcd34-fe26-470f-bf3f-a7cbf339158e,AdvBuild,4,6,3094,1.13,0.07,88
cd8fecd6-3b08-4b17-a564-25dc53237d40,AdvBuild,4,26,1282,0.06,0.21,75
ff93707b-fea6-43f3-9cb5-9b327ab98e38,AdvBuild,4,25,828,0.05,0.04,76
6d09681e-26d9-4cbf-b801-79fa002edf8b,AdvBuild,4,32,228,0.21,0.37,77
41d30603-dd23-40b4-8495-51908dcdf3d7,AdvBuild,4,13,-673,1.11,0.12,85
d12e6f43-fa63-48dd-9578-3ae9c21699b3,AdvBuild,4,10,-27,0.97,0.19,59
87abfabe-ae75-4bba-b012-27b32fdac924,AdvBuild,4,25,1046,0.08,0.04,76
44dcc177-2822-4b3a-b800-a29c5dd4b657,AdvBuild,4,28,112,0.49,0.32,76
a5bb5c1e-c74c-48ce-8592-d6bfe1ad7ed7,AdvBuild,4,25,844,0.08,0.15,75
a77bf8e1-0e44-4458-8011-4cf57f68ee53,AdvBuild,4,12,49,0.47,0.09, 
8bb70237-c2b2-400a-8857-5d7eb2759c0e,AdvBuild,4,26,1118,0.04,0.03,77
7d86e050-4f67-48b4-b051-8ebe2847fea4,AdvBuild,4,33,46,0.86,0.05, 
4b7becb0-acc2-4b4d-b06b-c3433437409e,AdvBuild,4,,, ,  ,
95d4de57-d9ae-49f2-89fc-77c5dd597893,AdvBuild,4,26,1512,0.08,0.05,77
3a80df0c-ba2f-4747-98f0-a6b5be3425ea,AdvBuild,4,,, ,  ,
8e8884b7-2bb8-4066-95d8-b08ff296381e,AdvBuild,4,,, ,  ,
7f871659-33da-444f-88fb-6a9f2525fcb7,AdvBuild,4,26,1677,0.08,0.03,76
3a2da271-c3a6-4303-9d1c-92f662861d0c,AdvBuild,4,33,655,0.06,0.04,77
5230497c-cbdf-45ce-93fc-6d3a0097b5dc,AdvBuild,4,28,1843,0.04,0.03,77
e73816f0-032b-42e5-b3c0-cc3cb5449545,AdvBuild,4,29,1674,0.05,0.02,77
6ad181df-6ad0-4fe3-9f68-376dc8861788,AdvBuild,4,23,54,0.24,0.07, 
2a789a10-f140-4c77-9647-92fd01c073b9,AdvBuild,4,8,78,0.37,0.05, 
25d04beb-104b-4695-8904-4c1dad97b6f9,AdvBuild,4,17,81,0.4,0.09, 
44febe89-1dda-41a0-bc29-08dfe382c296,AdvBuild,4,16,79,0.87,0.06, 
31ba3521-c87f-4502-a187-f5adfb859d68,AdvBuild,4,30,42,0.51,0.07,61
1bf09ed7-5f50-4fd6-a3a8-c08703b07404,AdvBuild,4,26,999,0.07,0.02,76
c7a2a2fe-5c07-42e1-a0a3-60ae13eb86f9,AdvBuild,4,25,1339,0.06,0.03,77
79fb1698-0036-4dcb-a556-c4e5fbd04aed,AdvBuild,4,28,168,0.19,0.04,77
d099aa7a-5bfd-4652-91c8-5e08190977a5,AdvBuild,4,9,54,0.6,0.05, 
2b69efdf-d88a-40f7-acb4-91cb2d09eb60,AdvBuild,4,22,44,0.41,0.11, 
ebc6a67b-7e66-443e-9923-0a2e3c8ed3dd,AdvBuild,4,28,324,0.27,0.03,77
0734ff02-3547-4fe4-a70b-56766d25bfb7,AdvBuild,4,13,-63,2.96,12.42,85
489468a8-cbef-40e5-9ee1-c0e2ec9717a0,AdvBuild,4,28,1080,0.04,0.03,78
0dfd0249-2c4e-4221-8a32-3eeff67ffb26,AdvBuild,4,31,538,0.22,0.09,76
924a9485-f6ea-41dd-9c66-b0efc66db177,AdvBuild,4,29,710,0.52,0.22,76
c48104e5-39c9-432c-8732-c9f16d9c2d0f,AdvBuild,4,27,1342,0.07,0.02,78
9fa88d31-a45f-4b17-a71b-77cdfe80e4fa,AdvBuild,4, ,, ,0.25,66
541904d8-8df8-44f9-95fd-87a3f38752cb,AdvBuild,4,28,625,0.67,0.17,76
8b54ca6b-bc96-4c19-99ae-6ba915756184,AdvBuild,4,27.7,989,0.07,0.05,77.6
d1297923-b6f7-4970-afeb-adcf377235bf,AdvBuild,4,25,1891,0.04,0.02,77
c64ef4be-df54-40ff-8957-d0753e7ace8e,AdvBuild,4,35,242,0.08,0.17,78
06b6c542-3e77-4bef-924b-1582af30ec48,AdvBuild,4,8,1981,0.62,0.14,84
f4d7b74d-4cb0-493b-a7f2-ae5cc53011eb,AdvBuild,4,27.9,1255,0.09,0.26,77.7
7367be2a-4cae-41c7-b879-af9cb2519ef6,AdvBuild,4,27.4,1209,0.05,0.07,77.2
8dd25442-1932-4fbe-b4a3-d0739da100fb,AdvBuild,4,29,1766,0.09,0.04,77
ead30c42-9852-4682-a1b9-c169aaa838c2,AdvBuild,4,27,1401,0.54,0.1,76
daa98ac3-c96f-40b1-ae1a-bd7d53754ee9,AdvBuild,4,27,1297,0.08,0.27,78
1383a69e-5511-4d2f-bb22-8287df1733df,AdvBuild,4,29,1308,0.32,0.09,77
fa7c0ac4-7fd4-46d2-803f-0b52745b9152,AdvBuild,4,16,-441,0.08,0.38, 
a9f9226c-245d-41e9-b180-19bf3d6a028e,AdvBuild,4,27,529,0.11,0.05,78
d5ac6fda-d6e6-493f-9190-e73a4cc5e100,AdvBuild,4,27,941,0.07,0.07,77
17f1015c-7b98-4a9f-b6cf-3bcc04fad507,AdvBuild,4,27,1377,0.06,0.03,78
b0e81b45-e3ba-48ca-af3f-1d34d2b76e2e,AdvBuild,4,28,1209,0.04,0.02,78
99688704-e76c-4f9e-a3dd-936b14e4393e,AdvBuild,4,28,1015,0.04,0.04,78
904aaef8-9c99-436a-ae64-8f2b692e94c9,AdvBuild,4,26,1397,0.14,0.14,77
89f5c80d-11b4-4799-9df8-84b2b479bfe8,AdvBuild,4,28,1250,0.04,0.03,78
88d68290-bfc7-4952-a962-02c120b15a66,AdvBuild,4,27,1284,1.2,0.03,77
6ed6449e-9471-4a4a-aa48-1d96904ac711,AdvBuild,4,28,1011,0.07,0.24,77
a2c85975-4964-4649-9029-071347fe54ad,AdvBuild,4,28,1067,0.08,0.06,78
9c3b2942-1e05-4e14-ac58-4be888e86d67,AdvBuild,4,33,310,1.38,0.46,77
5dec5316-b766-4d04-82da-5d0c33cd93a8,AdvBuild,4,,, ,  ,
b91892ac-24d1-4bf9-9bbf-a76f74fe8e6d,AdvBuild,4,27,1469,0.08,0.04,77
7ffed4f9-e571-4d5c-b4d3-cb49175b029e,AdvBuild,4,28,499,3.52,0.25,75
e73817bd-d5fd-4a23-8faa-5c666331c2d8,AdvBuild,4,31,357,0.11,0.04,79
145bdef1-1cf0-4e74-919d-941081aeae22,AdvBuild,4,5,815,2.19,0.17,77
2e5d57a4-41cd-4ea9-8038-a2b34121cdcc,AdvBuild,4,28,1166,0.1,0.03,78
6b872f97-e2e4-44cb-a5a5-bf3274d76557,AdvBuild,4,,, ,  ,
64a285a4-9c42-4f68-86e7-86f214e3996c,AdvBuild,4,28,1721,0.05,0.03,78
ad0a21a5-e443-40ad-aa42-c6de84a4bb8a,AdvBuild,4,34,1070,0.07,0.03,77
34dcbbab-88c2-46e5-8687-9ea66501ae4a,AdvBuild,4,26,1793,0.05,0.06,76
a31d8546-b17a-4fbf-b2f7-de54a188f3f9,AdvBuild,4,28,1227,0.03,0.02,78
77e34330-696e-4351-ad14-cf53a4341da1,AdvBuild,4,27,1053,0.13,0.17,77
38604ec7-c0ca-4642-b572-39bf3b3434d9,AdvBuild,4,31,955,0.26,0.14,77
5017ea02-78a1-453f-af1a-2f73272823c6,AdvBuild,5,25,1434,0.06,0.06,76
43c14f2a-6e1d-4d02-93ff-e8faace43022,AdvBuild,5,16,-42,0.42,0.12,64
47a505e5-57fe-479e-be87-6c68b882dae8,AdvBuild,5,25,1466,0.05,0.03,76
f5e49894-59f6-4677-980f-fa8f0f83a598,AdvBuild,5,26,742,0.22,0.05,75
fb0c23f1-81b7-4fcf-bcda-eaccae30624c,AdvBuild,5,25,884,0.1,0.06,75
4aa53397-40bc-4b18-bf29-c4348ae5af67,AdvBuild,5,30,143,0.17,0.05,76
dc1dd63b-0f20-4d5b-a6b8-fdb21c87920d,AdvBuild,5,25,1300,0.06,0.06,76
ab74135f-ada2-44ec-857a-e12fec1551cf,AdvBuild,5,28,357,0.25,0.08,76
3d27b6d0-5db0-4fac-8039-ba3f377b2352,AdvBuild,5,27,736,0.14,0.06,76
b98e23e4-f306-4f53-a841-12e30e321d08,AdvBuild,5,26,544,0.16,0.11,75
2f995034-1780-44b0-aef2-11eda2c35839,AdvBuild,5,25,1343,0.05,0.05,76
88a8c7c0-e316-4560-ae6b-4b7d10b9d6bc,AdvBuild,5,25,1127,0.05,0.04,76
4cf4c52b-3624-44f6-9616-f4cae80a0852,AdvBuild,5,26,598,0.09,0.04,76
79ac9971-9183-462a-b30d-39d250ac212b,AdvBuild,5,25,2375,0.38,0.05,75
bd236573-34cc-46d2-82b5-b1dc86da638e,AdvBuild,5,26,660,0.08,0.05,76
e15e17fe-0292-425c-bda6-af0b5d82cff4,AdvBuild,5,30,-292,0.25,0.06, 
de8b3bd5-165c-4926-861b-4a75130d670f,AdvBuild,5,26,-332,0.67,0.06,67
e99c5d0b-51c7-42aa-98b9-444fcfdf6364,AdvBuild,5,27,5004,0.02,0.03,76
2fc5b77b-f45b-4c38-bd87-5817135cbacf,AdvBuild,5,26,4793,0.03,0.04,76
de68eb3d-2aba-466f-8204-c5b5dad5b2d4,AdvBuild,5, ,-229,0.36,0.05,67
6cb6ab1f-c8d3-4eba-9428-d40f8dbfeece,AdvBuild,5,27,3596,0.03,0.03,76
cc5451d6-6889-42d8-9408-56b8a049cd5c,AdvBuild,5,20,-432,0.14,0.05,70
600f786e-febd-4e8b-a825-7df37b775f82,AdvBuild,6,25,1343,0.08,0.03,76
89746dbf-28ba-4660-949b-617baf5bf0ce,AdvBuild,6,25,1200,0.04,0.03,75
f33bf068-1498-473a-b896-d11269b7ae06,AdvBuild,6,24,1657,0.06,0.03,75
03515728-7de6-4bc9-9a87-6446d4838695,AdvBuild,6,25,1225,0.04,0.03,75
a29683b9-89dc-4137-b535-c13685ce59ee,AdvBuild,6,25,1376,0.06,0.05,75
c3ed61ea-fa08-43d9-86a4-b3ba6bcfccf1,AdvBuild,6,28,1219,0.25,0.04,76
1100b5b2-6d5a-444e-94b6-387feef20168,AdvBuild,6,25,1579,0.04,0.03,76
16e14348-5131-4d81-8d5c-58bede6bca3c,AdvBuild,6,25,1146,0.12,0.03,76
09baca67-c4a4-4bff-8d07-97c88beff6a0,AdvBuild,6,28,1283,0.07,0.02,76
e27a9d73-6f8a-4744-8e6e-3897df3fe732,AdvBuild,6,24,1351,0.05,0.12,76
6518ad8f-5f46-47dd-9bb9-b8353a180c01,AdvBuild,6,27,1438,0.56,0.08,77
810bf415-25db-41c0-b315-97786878ae5e,AdvBuild,6,26,1867,0.05,0.04,76
9f6d0bf4-6142-4c03-83d5-46e870e82d3f,AdvBuild,6,26,1741,0.06,0.03,76
90bc8bc8-c9b8-44dc-b31e-abc719e08eb7,AdvBuild,6,26,1810,0.04,0.03,76
60b1b030-cdfc-4ef2-a360-b8dc02d420d4,AdvBuild,6,24,1660,0.03,0.03,76
3cc30fb2-def0-471c-82f7-e773f525fcc3,AdvBuild,6,25,988,0.1,0.04,76
ddd60667-8e53-4ef9-b4cd-cdbf597fc436,AdvBuild,6,25,1977,0.14,0.04,76
4d3b1e8f-0705-431a-a37d-d61db514672a,AdvBuild,6,25,1479,0.03,0.01,76
defa20bf-e4a4-414a-a920-ff2f604d9ed3,AdvBuild,6,23,-60,0.52,0.08, 
6efd23aa-04ff-4cdd-b198-4cd23501a351,AdvBuild,6,26,754,0.1,0.04,76
0b6520df-69cb-4182-ad7b-bf59f8ec90ca,AdvBuild,6,26,2812,0.06,0.04,76
023ab088-1404-4fdc-8867-73641f172a96,AdvBuild,6,25,2407,0.04,0.02,76
56dd39be-adf0-4d4c-ad98-a31f0b2a7f36,AdvBuild,6,36,144,0.63,0.02,82
af39789e-9af9-460b-be0c-c0059cc8c0c7,AdvBuild,6,19,395,0.39,0.02,78
a5bc55fb-224b-429b-9a95-2533f47c7422,AdvBuild,6,25,1662,0.06,0.02,76
1898987d-32f0-4c79-9983-b3cb907ae30b,AdvBuild,6,25,1893,0.08,0.05,76
848a9a85-df89-433e-83fe-0315ba2d4c72,AdvBuild,6, ,537,0.47,0.04,86
4c4b89f9-9b3b-4965-906f-979255172bc7,AdvBuild,6,25,1382,0.04,0.02,76
6ebfe76f-db0d-4339-8ada-d04f76df2fb1,AdvBuild,6,18,3657,0.37,0.05,88
8699ccc5-67d2-4552-8208-456e6c0aac8b,AdvBuild,6,25,1328,0.04,0.04,76
25d2a233-c86f-41eb-af97-de40d18a0b44,AdvBuild,6,25,1537,0.06,0.02,77
ce24ee96-5080-4c8b-bcd8-5282be498d6a,AdvBuild,6,25,2826,0.04,0.03,76
a64d8fc7-f171-4ffb-b516-daee8e161e7a,AdvBuild,6,24.1,465,0.19,0.04,77.1
d49f2d78-a8ba-4d92-96a0-f9164c9db851,AdvBuild,6,24.7,501,0.35,0.06,77
d5a442de-e495-4c21-b1ca-d075f510dc96,AdvBuild,6,25.7,385,0.55,0.04,77.8
5aaff577-044a-4cdb-997d-ef4ba1404871,AdvBuild,6,24.2,438,0.17,0.03,77.3
ff2585ea-8a5e-44b4-859a-6aa88513203b,AdvBuild,6,8,-174,0.59,0.05,64
9afd240c-547a-408c-9b83-58e7568e7db8,AdvBuild,6,27,2927,0.04,0.03,76
c6efe6f2-c0c7-4b70-9571-ee960d90ae6e,AdvBuild,6,27,1751,0.11,0.03,76
1678ebc5-6e2d-49d2-a923-02562e7c7597,AdvBuild,6,12,-601,0.14,0.03, 
d4b16755-fc28-4ec8-9d39-b868fccb891d,AdvBuild,6,27,4590,0.03,0.03,76
054efdec-1dae-4c57-8c6b-48748f69b514,AdvBuild,6,24.8,562,0.19,0.05,77.6
597e2de7-a61b-46c4-b447-76e961607fe6,AdvBuild,6,27,3533,0.03,0.02,76
178ff61a-a2eb-432e-bffb-7761fc5be8be,AdvBuild,6,24.7,472,0.09,0.04,77.5
1eb72362-7fc4-4028-b294-027eb64cd4a9,AdvBuild,6,25.7,441,0.23,0.05,77.5
51361bd0-e50e-41ec-83fb-6e4d2099f15d,AdvBuild,6,26,1315,0.04,0.03,77
a2634e2c-bad3-4f09-bad4-31025f9ceeea,AdvBuild,6,26,1120,0.04,0.06,77
a7e38486-ed37-4b3f-8a5c-48371ffda8eb,AdvBuild,6,26,1123,0.04,0.02,77
350e210a-0ca8-4514-ba4f-79e6a490866b,AdvBuild,6,26,1217,0.04,0.03,77
5672cace-03d0-46b2-b00f-174c08eb401f,AdvBuild,6,25,1447,0.04,0.04,77
3b5376c6-2d73-4e24-af0e-88a0994909f9,AdvBuild,6,27,1273,0.05,0.02,78
599e83f8-5d77-4936-8cc0-024829a20792,AdvBuild,6,23,1774,0.11,0.03,85
960154da-07f8-4a41-b80b-2b4dd644191e,AdvBuild,6,26,1205,0.05,0.06,77
f5bd301b-8301-4126-a40c-da275ee14851,AdvBuild,6,33,788,0.07,0.03,77
8ef3e986-210c-41d8-a3c6-bedbfdfa3380,AdvBuild,6,28,917,0.08,0.02,78
a7241b97-25a3-4e42-aae3-7ef1c4ff7344,AdvBuild,6,19,325,0.51,0.14,75
bc53b2ac-7b4e-48fd-aa44-70e46db1e70a,AdvBuild,6,25,1460,0.07,0.08,77
cd47ecb3-c399-4133-8e0d-96861300e4be,AdvBuild,6,25,517,0.17,0.1,78
8bec8cad-fecc-4505-b7e7-9582dcb5be9e,AdvBuild,6,17,-286,0.78,0.18,77
828779b2-b8ab-4c71-a672-462f8134a4c2,AdvBuild,6,25,516,0.17,0.06,77
fe3653bf-2dce-455b-82da-abb096cf98d8,AdvBuild,6,25,540,0.27,0.05,78
7b84e610-ea07-4f43-88d7-428bd4b359cf,AdvBuild,6, ,, ,0.01,78
3653efc6-ced2-4afc-9405-f8ba9e649693,AdvBuild,7,25,642,0.1,0.05,76
181ed2ce-cb3b-416f-9f0d-7a2214f1c39e,AdvBuild,7,26,603,0.12,0.08,76
344a14ee-c1ce-4f13-ab82-302b52017281,AdvBuild,7,25,989,0.06,0.03,76
0368e15c-689c-49d9-b86f-e63d90561b14,AdvBuild,7,24,1211,0.04,0.04,76
b10ebb7c-929e-4336-b173-b745527042f0,AdvBuild,7,25,986,0.1,0.04,76
e791dd6d-6977-4c2f-b635-57cdfb078072,AdvBuild,7,25,1301,0.05,0.04,76
07791e59-47b6-4f84-be78-fdab500b3d4c,AdvBuild,7,,, ,  ,
fc0fc951-1804-41b8-b5a9-d0940a25bf63,AdvBuild,7,25,1773,0.05,0.02,76
e29db3f0-e79e-4aa0-b3f8-f2498d622fb0,AdvBuild,7,,, ,  ,
f359dd08-083b-4596-8997-9f4c370b270e,AdvBuild,7,25,1230,0.03,0.03,76
350dcff6-932d-4d83-a461-c3fa5000c029,AdvBuild,7,25,1934,0.04,0.03,77
1e09a284-3d28-4356-837b-36c244d40a14,AdvBuild,7,25,1530,0.04,0.03,76
fa2b8c6e-48ab-4664-b446-a75c1e42db68,AdvBuild,7,25,1850,0.06,0.02,76
fce860c3-2830-47ce-9c14-31d9fe555357,AdvBuild,8,26,393,0.12,0.07,76
5293b6a2-a997-4ad2-928e-351e3d3eb272,AdvBuild,8,31,1039,0.08,0.06,76
cd2fda06-5d25-4bdd-ba2a-b5cf2c5ab435,AdvBuild,8,17,-20,1.31,0.27, 
6339b3bb-7ad1-41fa-b750-b3d02fe57f08,AdvBuild,8,24,1565,0.42,0.05,76
1e0b7f2b-9230-4cce-befe-b130d1a1b283,AdvBuild,8,27,2877,0.02,0.02,76
c3d92fbc-6603-4991-8ee0-aa0d9aad2131,AdvBuild,8,27,2479,0.07,0.04,76
82a78198-a325-4233-bf2a-6900f747de02,AdvBuild,8,27,2444,0.02,0.18,76
097ab72f-24f6-4cb6-ba8e-193beee2f383,AdvBuild,8,28,2537,0.05,0.03,76
4ffa3f29-bec4-44f0-8679-7fbbc0d072e4,AdvBuild,8,26,1870,0.02,0.04,76
5bd679a0-a36e-4854-b5d5-1c37716fdcff,AdvBuild,8,29,877,0.09,0.04,76
8865be95-a877-4d95-bfe6-eff2ea63e3b8,AdvBuild,8,15,-65,0.71,0.06, 
f8bd7ea0-4eac-499c-bd56-c34627182a37,AdvBuild,8,34,554,0.1,0.05,76
bf869ea3-4c26-40e7-918d-175ae4d95aca,AdvBuild,8,31,368,0.13,0.04,76
d478f09a-497c-4b1b-b75a-561ce55e5a85,AdvBuild,8,33,751,0.11,0.04,76
6579dc99-4e82-49fb-969f-cf1ec813ceef,AdvBuild,8,26,650,0.16,0.05,76
380ac7cd-e122-418e-b754-468e6ce832de,AdvBuild,8,26,1044,0.09,0.1,76
16b1997d-5d62-4704-89b9-627b7a5d0c52,AdvBuild,8,25,833,0.07,0.2,76
151bd6ed-10c7-4779-8811-593b1aa15d55,AdvBuild,8,25,1460,0.06,0.03,76
3fb740e1-be98-4dc0-81a9-610a70e33085,AdvBuild,8,28,2858,0.03,0.06,76
5101a36f-de74-4cc7-848f-d2791064e9a2,AdvBuild,8,27,2736,0.02,0.03,76
d0182bf9-6e21-412e-aec4-7070cb18ae6f,AdvBuild,8,27,2676,0.03,0.06,76
64c31839-a63c-4dc0-b7ae-7cf44fa61228,AdvBuild,8,29,194,0.38,0.38,76
4d10faf8-405e-4523-acd3-341d35673076,AdvBuild,8,33,806,0.09,0.06,76
53faa695-360d-4d80-b9f0-0729525334cb,AdvBuild,8,27,2661,0.13,0.04,76
39887efa-73c3-4e80-ac81-b65e5bb99037,AdvBuild,8,27,2464,0.02,0.02,76
43819e1d-288a-4899-a61e-c55df01090f8,AdvBuild,8,27,3371,0.03,0.07,76
7c7c9553-d783-4d36-bc89-585de69dc33c,AdvBuild,8,25,1133,0.06,0.26,76
cdd0763d-1bb1-4f17-a4e6-68788f59dd2d,AdvBuild,8,27,3397,0.06,0.09,76
1fd925cf-5c71-4ba3-a225-4cd91ddbd9b6,AdvBuild,8,27,3121,0.02,0.04,76
81a8cedf-475b-473b-a36d-6b00f7f15b26,AdvBuild,8,25,1369,0.05,0.21,76
944eba78-b03d-4eb3-938b-1fd2bc219361,AdvBuild,8,25,1236,0.05,0.08,76
87fc43fc-0b92-4919-bc8a-1e78069617be,AdvBuild,8,29,-79,0.31,0.22, 
17876785-d776-4677-aff9-17ed2a551e06,AdvBuild,8,,0,0,0,
ba9a52dc-23ca-496a-8eaa-00b5e569334e,AdvBuild,8,27,1773,0.23,0.03,76
65a28c20-91a6-4c68-aa6f-7627d199155a,AdvBuild,8,9,-27,0.65,0.22,63
30f35b71-4604-4ca0-9bab-e0e8e81831d3,AdvBuild,8,27,260,0.18,0.04,76
f6f5c466-46da-4103-bd73-8aff7f53b2d0,AdvBuild,8,6,-34,1.01,0.12, 
a2428351-7be4-44d9-803f-481b66b13a71,AdvBuild,8,23,-61,0.86,0.32, 
41e4ba52-993c-4e81-bf78-843a47356a20,AdvBuild,8,26,1252,0.04,0.06,77
91fa18d0-6928-4ee0-acad-bb43ed76e048,AdvBuild,8,25,1383,0.06,0.07,76
4d9fd581-7443-4049-8ca9-f6f4713f14d1,AdvBuild,8,26,-83,0.61,0.52,77
db32e870-9809-4506-8b9d-a3fd8576509b,AdvBuild,8,25,952,0.06,0.02,76
9b95dc2b-2bbd-4009-89c8-031ce494feab,AdvBuild,8,25,1291,0.07,0.19,77
11aabbe4-ab52-4e34-9ef2-fbad403ed117,AdvBuild,8,,, ,  ,
dd088211-84eb-4b59-95b0-b6e20b476be4,AdvBuild,8,,, ,  ,
8c858786-48d7-44a7-a10b-f4fb6ef6fe2a,AdvBuild,8,33,133,1.32,0.29,78
f44eb190-b226-4718-8920-fd904f2032ec,AdvBuild,8,33,108,1.32,0.25,72
b99c3cc7-1cb8-4924-82b0-3918e8407690,AdvBuild,8,31,117,0.22,0.07,80
2e9a37f9-c21f-43cc-97af-69b5c9bd0d4e,AdvBuild,8,26,1055,0.08,0.12,76
fd8acb6e-5285-48f9-aea9-36a6f453c536,AdvBuild,8,26,823,0.1,0.08,76
43cb9e0c-303d-45a7-bb14-f9595362c7e5,AdvBuild,8,25,1229,0.08,0.06,76
44710bad-91d0-4805-a6eb-8792080b6297,AdvBuild,8,25,586,0.15,0.27,76
7a97d3ad-6a01-41da-ab98-e96d2289ae9c,AdvBuild,8,25,1049,0.07,0.07,76
b7803fb0-a06c-4776-871c-9a161e4de106,AdvBuild,8,25,1154,0.07,0.09,76
f58d1be8-bc7d-43d2-9c95-2c6f5ffedc81,AdvBuild,8,27,436,0.15,0.14,76
7ba5c0c1-5409-4626-8e04-1024280e66d5,AdvBuild,8,26,698,0.22,0.09,77
4c116889-8727-4346-ae3a-196b9d4167e4,AdvBuild,8,25,716,0.22,0.06,77
a42e0940-f665-4fe9-8b82-37237c469579,AdvBuild,8,,170,0.47,  ,
0f6cf873-f807-4389-808b-f9ee134cb2c0,AdvBuild,8,10,36,1.11,  , 
6ac94ea5-2c77-498f-b8fe-28c981c37630,AdvBuild,8,26,487,0.13,0.05,77
43451a82-e5a1-430c-b9ff-e90b4aff24b9,AdvBuild,8,25,615,0.41,0.04,77
f3e127eb-2928-46d2-ae8f-067b179d3376,AdvBuild,8,25,622,0.16,0.06,77
860a53ed-011f-488e-94f0-7401213313f8,AdvBuild,8, ,, ,0.13,80
ebb5ba94-9f5d-40d5-8231-4a54e109329e,AdvBuild,8,25,700,0.29,0.04,77
0324b223-a44a-4c47-8f6a-46afba526142,AdvBuild,8,25,945,0.18,0.04,77
f31aee3a-dd6f-45a2-9abb-b232ea26b4e5,AdvBuild,8,25,1081,0.1,0.08,77
fef5cd3f-a502-4a80-8ed8-a017182f6f68,AdvBuild,8,30,175,0.13,0.04,80
7fd97dce-eec1-406f-9af6-13cbd69e6c1e,AdvBuild,8,,, ,  ,
0ece28e0-6cd9-470d-83d4-d35bbae32aa1,AdvBuild,9,26,684,0.16,0.04,75
5334a42a-b0bc-4cf3-b32d-70cf59280e18,AdvBuild,9,24,1354,0.07,0.04,76
8c28ba7e-cbb1-4a54-8a1f-66551fe8a80e,AdvBuild,9,25,1504,0.07,0.03,76
9dad1664-9092-4142-997f-08554aec663f,AdvBuild,9,25,1166,0.11,0.03,76
a84e378c-361d-429f-89ac-7a2586962e39,AdvBuild,9,25,1151,0.13,0.05,76
83ba80b0-a411-4a99-b1f3-860cdff556e7,AdvBuild,9,26,583,0.13,0.04,76
bcd874ed-ac4c-4134-bde7-be76cc0afb68,AdvBuild,9,14,-131,0.32,0.07,84
19757a5a-f005-45b7-88c3-25e6a3e276f1,AdvBuild,9,25,1431,0.03,0.04,76
773fb99d-15ee-4395-a72d-a507748bb631,AdvBuild,9,37,324,0.33,0.57,78
bcf05ef4-2d0f-4d92-a09b-f3febeb6570c,AdvBuild,9,29,193,0.77,0.18,77
d6efdcc7-3027-4eac-bb16-483b9e28fb8c,AdvBuild,9,31,100,0.76,  , 
f8c0f5cc-a232-4910-be52-588c42b2871a,AdvBuild,10,9,-34,0.5,0.07, 
333d9c3f-7c32-4128-8856-cf41190a3a32,AdvBuild,10,27,521,0.07,0.07,75
30a682b2-dd10-4d05-987a-84560c4b505d,AdvBuild,10,25,1114,0.07,0.05,75
3201ba16-24cb-458d-ae1c-286010022ab6,AdvBuild,10,20,-47,0.6,0.07, 
81e43dfa-ccd6-4534-a2fa-151b535b939c,AdvBuild,10,24,331,0.08,0.07,76
694cee47-a1bb-486c-9d81-91747d26640f,AdvBuild,10,25,345,0.06,0.18,76
389139b0-0f04-4a9c-869e-10febf1bed60,AdvBuild,10,25,299,0.08,0.06,77
bb0313c3-2b8c-4d33-9534-99aced3a6e70,AdvBuild,10,24,325,0.09,0.05,76
3ed9d000-c0c8-4166-a8fc-65cada0a1fc2,AdvBuild,10,,0,0,0,
851bf24e-6d6c-47a7-84a2-795afc9cfffe,AdvBuild,10,27,2568,0.47,0.02,76
74542a7b-1f9a-4243-bce8-42ab58615ede,AdvBuild,10,29,1516,0.04,0.02,76
aadd1856-48a3-414a-b5d7-f749823903c9,AdvBuild,10,28,2239,0.08,0.03,76
28accf6f-ef18-4186-8dd0-7cc221a3be43,AdvBuild,10,25,322,0.09,0.14,76
559f9193-4833-404a-84a4-6f78b89fd220,AdvBuild,10,28,2092,0.03,0.02,76
d1774a40-4835-4018-af39-eea25c022a73,AdvBuild,10,28,1887,0.07,0.03,76
61f53bd7-4c01-4d9d-8412-d9e0bf86be3d,AdvBuild,10,25,297,0.07,0.08,76
c1a56fd0-92b2-4ef4-a1ac-da57516f7079,AdvBuild,10,17,-1927,0.02,0.1,87
c4542c1e-b1f8-4842-b4b5-fd8ffd9ee669,AdvBuild,10,20,-196,0.21,0.09, 
2c0e035e-d1f9-4c87-9a53-c81e421a21d8,AdvBuild,10,23,-178,0.21,0.08,67
a489f5cb-2e8c-4917-887e-1544419d9a6b,AdvBuild,10,18,-232,0.21,0.08, 
e77b1879-42af-4ff6-942b-0c5cf39a8c83,AdvBuild,10,22,-212,0.51,0.11,66
13db1142-319c-4a8a-80a7-d11df94fc356,AdvBuild,10, ,0,0,0,75
ac6f1284-2523-4706-bc95-29ea70c60a97,AdvBuild,10,,0,0,0,
40d24bda-d1b9-4d72-ac63-74a66169d295,AdvBuild,10,,0,0,0,
5edf02b2-0aa0-46d7-8824-a03ca228ee81,AdvBuild,10,26,516,0.11,0.04,75
9c6924c8-9557-46c8-aefa-452a80bdc71d,AdvBuild,10,24,277,0.16,0.06,76
59905153-0e93-4a5c-bf71-6cfdbcffe93b,AdvBuild,10,24,323,0.2,0.13,77
b9ff40b7-7cc8-4b84-8f2b-3ca813a0063e,AdvBuild,10,24,353,0.09,0.05,76
423e5a1d-b19e-4593-bf65-e7916f54982b,AdvBuild,10,28,2458,0.05,0.04,77
a25766ac-0fc8-4f9a-b6c4-00d03afd0de7,AdvBuild,10,27,2895,0.06,0.04,76
b42e34f7-86ad-483e-b9f6-c44d0621fee5,AdvBuild,11,24,1141,0.02,0.03,76
d790bfb7-c585-4715-948b-bc35a902b75c,AdvBuild,11,25,955,0.02,0.03,76
b6904cff-40e6-4ebc-ad7d-a035ebedb96d,AdvBuild,11,27,2207,0.02,0.06,76
78f57096-c15d-4a28-8550-04bb94a0568b,AdvBuild,11,26,2117,0.02,0.04,76
cefb491c-ec90-49a3-8dba-c67527aea3fe,AdvBuild,11,25,430,0.11,0.05,75
c6a67ddb-9aa2-4309-87ae-dc9079748b00,AdvBuild,11,26,1456,0.03,0.04,76
ad969daa-602f-40e4-9014-6f164003ab27,AdvBuild,11,26,2129,0.02,0.02,76
f9db2627-95a5-47e6-a7a3-46041a34fff4,AdvBuild,11,25,678,0.06,0.09,75
a679d6ca-6112-461c-81b6-d4bf38a54afc,AdvBuild,11,27,2429,0.02,0.02,76
e99222a7-a974-40e0-b3eb-ba7bdca0dfae,AdvBuild,11,26,765,0.05,0.02,76
44ffc0e6-b559-4834-b107-89103a3fec59,AdvBuild,11,25,820,0.22,0.05,76
8c94003c-8f17-49d3-9fb6-d6bdef617acd,AdvBuild,11,24,1104,0.05,0.06,76
58907be6-cba0-430c-9faa-29ea0ec084ae,AdvBuild,11,24,941,0.02,0.08,76
e7266346-17d1-4dd2-ba58-a9487682c5d0,AdvBuild,11,24,840,0.05,0.03,76
7c3dab6c-9ae0-4840-9e36-d166041a4ad3,AdvBuild,11,19,-81,3.04,0.65,67
980d929c-2ef2-4b4f-aeaf-7568b12c8e66,AdvBuild,11,17,-93,0.51,0.81,64
f3bb5b21-11b5-4df4-80a9-0aa4f1572071,AdvBuild,11,26,674,0.04,0.04,76
ddde777e-9452-46b1-b709-c96032385e97,AdvBuild,11,27,2187,0.02,0.04,76
015c1b36-a16a-4656-8b16-5c18c34df518,AdvBuild,11,26,733,0.08,0.04,76
def4942b-bd6a-467a-9fcf-a53477103aaf,AdvBuild,11,26,1731,0.03,0.03,76
bd38afe2-7580-49ea-8325-3943abddbe23,AdvBuild,11,24,-48,1.01,0.11,76
7bdfc567-5e92-4842-9bf4-dc6ad565805a,AdvBuild,11,27,2563,0.01,0.02,76
39ce6a9f-1814-4d87-a25b-005d1d5ef47e,AdvBuild,11,24,968,0.07,0.03,76
8e44590c-cc0b-46c6-8cb6-d4241ef0044c,AdvBuild,11,26,2371,0.08,0.04,76
5102f3cc-e608-4655-938a-1950284ee20e,AdvBuild,11,,, ,  ,
88e2f3a2-e788-4a1f-ad4d-56dd5f1c6636,AdvBuild,11,25,707,0.03,0.03,76
c9810aa2-fb15-45e7-8013-1a6e225b35e9,AdvBuild,11,22,-29,1.04,0.13, 
aec17bbf-c350-4759-857d-4bc5b65f3568,AdvBuild,11,,0,0,0,
7d34d6fc-e3bb-42c4-ac04-d6e4bbd63278,AdvBuild,11,27,-37,0.58,0.09, 
27912ac9-7320-4bbc-8e9e-5be822a9487d,AdvBuild,11,27,2301,0.03,0.02,76
334d334b-32ad-4c09-a970-27e1aea4c60e,AdvBuild,11,25,1216,0.08,0.03,76
d4f9815b-ecd9-44e6-82d4-91d50661eb1b,AdvBuild,11,19,-27,1.14,0.1, 
c9d82a48-20d1-4667-b518-711280cfe468,AdvBuild,11,14,-578,0.08,0.39,82
014e3987-bb60-4c52-a638-5921fcf98529,AdvBuild,11,24,1101,0.04,0.06,76
e088f4b1-4ae8-4c5a-94ef-39a4c2158b19,AdvBuild,11,26,690,0.1,0.05,75
4145e826-233f-4c61-88bb-5b0b83002a15,AdvBuild,11, ,-358,0.79,0.51,63
97aad075-646a-4206-9f08-8556cf1d5d4a,AdvBuild,11,25,1167,0.05,0.02,76
64c6c0ba-314c-4d3a-8003-5322a84f6c46,AdvBuild,11,32,131,0.65,0.09,76
53474fcf-28ee-4a04-996e-d09af66945f2,AdvBuild,11,26,700,0.06,0.04,75
6a3ea9ae-b04c-4b8b-a7d8-f01d2f78df50,AdvBuild,11,25,1064,0.09,0.03,76
3b5054c9-248a-4827-9097-85eee2d8364d,AdvBuild,11,24,40,1.5,0.21,76
72c51d3d-946a-4ce5-b951-5d74eb4aa3fb,AdvBuild,11,25,948,0.08,0.03,76
479361ea-028a-4a33-8e53-a82c1e484798,AdvBuild,11,24,998,0.06,0.02,76
ab09f858-780a-4a9f-8bff-9675627ff5ce,AdvBuild,11,12,-30,0.94,0.29,77
4f431c2b-9337-48a9-852b-b07d77e877ba,AdvBuild,11,,, ,  ,
f4222bc6-4fae-47c3-ab33-08375e211c63,AdvBuild,11,25,933,0.04,0.08,76
791dcec9-7c46-4106-88d0-e94c09380fe8,AdvBuild,11,25,1348,0.08,0.03,77
6d810ef3-609f-40df-ae3f-d018117321e0,AdvBuild,11,16,-44,0.44,0.08,66
4174a17c-4a3d-45ee-b5a3-3b9126d92116,AdvBuild,11,26,549,0.08,0.04,75
2371fad1-905c-4340-ad75-4df2f93c5abf,AdvBuild,11,25,1774,0.09,0.05,76
de160f68-5033-4282-a8d8-a2f540e3c07a,AdvBuild,11,25,1138,0.05,0.04,75
3759deb0-a19f-40a8-a0a1-301bf2c2b2a0,AdvBuild,11,25,852,0.08,0.03,76
e15f125b-6a45-4eec-8ce2-ebbe3f263dc4,AdvBuild,11,,-543,1.45,  ,
f2a7c979-96cc-4a97-bcc6-3aa7161f49ac,AdvBuild,11,20,60,1.13,0.3,78
b4caa286-fcb7-4dd9-9e79-65c85309d04e,AdvBuild,11,25,1158,0.05,0.09,76
3f7d2034-ab2f-4ce3-93f7-bd74aac8cf53,AdvBuild,11,25,1060,0.05,0.04,76
c9163040-fbfb-4396-bc65-60dd285f7cef,AdvBuild,11,,, ,  ,
f37d7d80-168b-4518-8c47-f4498a884369,AdvBuild,11,24,1492,0.04,0.03,76
dd0d95ce-318c-4fbb-b8f5-fbd1302ec884,AdvBuild,11,25,1413,0.07,0.06,77
03f5be13-ac32-43ce-93cb-f3bbcf55d648,AdvBuild,11,25,1940,0.06,0.03,76
ee918912-3d2b-4922-a25c-32cc9d0351d3,AdvBuild,11,25,1658,0.04,0.02,76
2706ec79-758f-4414-9278-98548a36dd50,AdvBuild,11,24,854,0.11,0.07,77
8da9c587-0526-4dd2-a083-be66fd0100db,AdvBuild,11,25,583,0.16,0.07,77
8288beb8-078a-4535-aeee-12538a2781a4,AdvBuild,11,,0,0,0,
d10f4b21-284d-4d70-9244-363c0a182c9f,AdvBuild,11, ,, ,0.08,79
27f531d2-27c2-46e6-94e5-e77b1d1813b6,AdvBuild,11, ,, ,0.14,76
403f7d0d-554f-4ba1-8502-ab04ba1a221f,AdvBuild,11, ,, ,0.33,84
67f47c88-81f2-488c-bb7b-46141292821b,AdvBuild,11,24,904,0.07,0.05,77
630cc5d9-5653-4bfb-bd41-7a9117966830,AdvBuild,11,25,701,0.09,0.05,77
6e05f2ad-af95-49a9-b174-454c056c5ff5,AdvBuild,11,24,927,0.07,0.05,77
db5dae3a-6d1a-4fbb-ab04-ada0d541bc64,AdvBuild,11,24,969,0.1,0.06,76
d4297279-97ea-43a2-beb4-f787c75fdc11,AdvBuild,11,,, ,  ,
0e2b7554-d314-46ba-a5db-df2d99f6a895,AdvBuild,11,26,392,0.1,0.05,78
85c9ea92-def1-46f4-83dd-e0060477c80f,AdvBuild,12,33,-40,1.3,0.07,61
8447ea12-b839-4905-8370-02d13e2af598,AdvBuild,12,25,634,0.1,0.06,75
fe9169ef-d398-47b8-884f-da126808da0a,AdvBuild,12,24,954,0.04,0.05,75
8ffa0870-53d1-4b2f-94f6-ac2882e64593,AdvBuild,12,25,1019,0.07,0.02,75
6f2eca3f-ceae-4d38-8c9e-d835b5c205ea,AdvBuild,12,34,-138,0.34,0.07, 
b6ecbd66-5916-4ff4-a322-3a982ffc1deb,AdvBuild,12,22,-31,1.57,0.26,69
62719bd5-2ec5-412a-86fb-6e50f8d9183b,AdvBuild,12,14,-649,0.07,0.09,82
19d83458-0eeb-4776-94f4-fada7931f70e,AdvBuild,12,25,309,0.28,0.08,75
9af94840-2c72-489e-97dc-0abbc12cc860,AdvBuild,12,29,336,0.21,0.09,76
96601eb4-cf0f-4f9d-b5c3-9a3d8a44a541,AdvBuild,12,20,-119,0.13,0.1, 
4f75671a-aa45-40c4-a772-21067b9b99cb,AdvBuild,12,25,900,0.17,0.07,75
bf0b4a43-acdd-4592-8c62-fad737f3832a,AdvBuild,12,,, ,  ,
7ec56ac1-9675-48b5-9edc-0fd1f034c497,AdvBuild,12,28,573,0.06,0.04,76
5bbb70f8-07a7-4191-ac5f-a2085f7a8db5,AdvBuild,12,28,680,0.06,0.02,75
be898b14-b502-489a-8e12-99bbb58aac17,AdvBuild,12,29,288,0.27,0.06,76
2f9b64df-cb39-459c-a7bc-0ebc4f204c09,AdvBuild,12,25,1138,0.06,0.07,75
504e5688-2436-47b5-a513-72e2cd9fe24d,AdvBuild,12,22,-119,0.37,0.08, 
16c81a46-8f2e-46c1-b7f3-2e04dd35e38e,AdvBuild,12,28,263,0.39,0.09,76
4d010d02-713a-4fb9-9ef7-a57efa526a29,AdvBuild,12,14,-622,0.05,0.09,81
1b2a1258-4449-4839-8fa0-4e9977ad22e9,AdvBuild,12,18,-143,0.21,0.09, 
7fd6a2ab-ec4b-40ad-bde1-a60dd1983d47,AdvBuild,12,25,712,0.1,0.05,75
4f8906ad-38e0-4783-b446-b88e465894f6,AdvBuild,12,26,3235,0.06,0.05,75
e3dc790a-311c-4d0c-83f6-0f6591bae52d,AdvBuild,12,24,1192,0.07,0.02,75
af906d64-d1c6-4e7a-8b5d-9d851bdb012b,AdvBuild,12,,, ,  ,
db6d7ec1-3484-4450-8ee2-dd0df7b7426d,AdvBuild,12,27,493,0.1,0.05,76
e326aeb8-e4a4-48c2-8223-2154240a8d38,AdvBuild,12,24,876,0.15,0.05,76
9ca7bcd4-2e6b-4d8a-a7c7-d2c5f8624c64,AdvBuild,12,24,1519,0.06,0.03,76
5e52ab36-5b08-40be-b8a3-1ea56621274e,AdvBuild,12,27,2571,0.03,0.03,76
d2b12008-568b-4233-bfcd-7771b5cd065b,AdvBuild,12,23,1256,0.08,0.04,76
71b10eef-a4ad-4204-8f00-b0afc327eaaa,AdvBuild,12,17,-12,1.59,0.18, 
e82f3b25-602b-411b-ab09-9d5706d1cc5e,AdvBuild,12,17,-55,1.55,1.12,67
3158a59a-d102-4c45-b50c-b42ff819f4fd,AdvBuild,12,32,-42,1.3,0.07, 
1d2b088e-20a3-4dbc-840d-b80c18d9e0ca,AdvBuild,12,30,21,1.23,1.03,69
9236a60b-6451-43af-bf65-c0042ae6332e,AdvBuild,12,10,-45,1.36,0.18,61
0636dc83-9afe-4809-b1b7-c1ad7b1b7d15,AdvBuild,12,25,1346,0.15,0.03,75
072c87bd-c9ef-4f76-9016-4f6ce5b34f5f,AdvBuild,12,14,-77,0.74,0.12, 
16ed6209-7b52-4be7-842a-4001dd7da37e,AdvBuild,12,29,-18,2.13,2.91, 
f97f5770-e8cc-4cc3-95e3-ab3e3565cce3,AdvBuild,12,25,735,0.15,0.06,75
8ad7c2e1-0166-4a30-92db-9dacaee7c5a6,AdvBuild,12,26,2411,0.05,0.06,76
c3054b6d-142d-4e6d-8049-1ec0b94e4506,AdvBuild,12,26,2770,0.02,0.03,76
f9ece231-706e-4460-8b7c-49b3673d1cae,AdvBuild,12,26,3051,0.02,0.04,76
0372d2cb-9522-4889-ab3e-c5d05cae4721,AdvBuild,12,26,3210,0.03,0.15,76
1beedf20-19d1-46d9-aed3-7c991312ffb9,AdvBuild,12,25,3545,0.01,0.22,76
01c11ac8-72e5-4724-b57a-2e2e15ffd269,AdvBuild,12,25,3805,0.01,0.25,76
8f815f91-167c-4a74-8b3c-0f52246d7ca3,AdvBuild,12,26,3919,0.01,0.2,76
45569827-4ba0-4334-ac95-d47afa247b45,AdvBuild,12,26,3345,0.02,0.03,76
6a27780d-2556-40a7-8fd2-49c50ab2bfd3,AdvBuild,12,6,349,0.99,0.39,76
ac7c3787-cb82-4de2-aa88-362414b919a3,AdvBuild,12,26,4119,0.04,0.03,76
2eea76d7-7f2f-415c-b897-bbffcbb4389d,AdvBuild,12,24,1396,0.08,0.03,76
b8386844-1a7c-447a-b4fd-a3e4942d9116,AdvBuild,12,24,942,0.15,0.07,76
4b1f001d-67d6-42e8-bcb3-5dc84944d5b6,AdvBuild,12,24,1120,0.12,0.05,77
457405ad-fd61-432a-afca-81b9d79d2b3a,AdvBuild,12,24,1055,0.1,0.04,76
8c7ba8ae-acce-497c-a76a-bc03c0ac710c,AdvBuild,12,23,871,0.12,0.04,76
daddf83b-942f-4cd1-9ac8-0fece9cee62b,AdvBuild,12,24,1399,0.08,0.04,76
6c5b74c7-f074-432f-88f1-ae36521ca07e,AdvBuild,12,24,931,0.1,0.09,76
227a408d-ab6f-4a17-8ab2-39b3d81d5cdf,AdvBuild,12,24,1276,0.1,0.04,76
a5b3a228-a4ad-4a05-b2a6-e22b7c967197,AdvBuild,12,20,-1428,0.17,0.11,63
73d8b4e1-4ede-4918-a173-b5eaffc81b6e,AdvBuild,12,25,288,0.12,0.05,78
f8685623-0003-45d5-8bce-6467592f49bb,AdvBuild,12,26,262,0.12,0.05,78
616f2ead-7dd0-4328-8803-2ceee04d590e,AdvBuild,13,28,51,0.29,0.14,77
7abb14b1-c8fc-43b6-a5b5-ad2e02f9f6b0,AdvBuild,13,,0,0.02,  ,
9eeec892-191b-442a-a2c5-a3cddede0032,AdvBuild,13,24,340,0.04,0.05,76
2a78fac5-31b3-4b6e-bb99-4bc6c1d4a618,AdvBuild,13,27,240,0.09,0.06,77
1fcf2c04-8538-4943-b879-2f553804400e,AdvBuild,13,25,331,0.07,0.04,76
0cb76487-1bf7-40df-9e52-b575e70878c6,AdvBuild,13,19,-26,1.3,0.21,86
a98b6a1c-0c82-4be3-9600-1638e1da2af4,AdvBuild,13,25,405,0.06,0.07,77
b74da3ce-93a0-4c8c-b548-0c8095fed7bc,AdvBuild,13,14,-3385,0.09,0.1, 
0e40ebe1-ce12-4b60-aa08-080ba89158a7,AdvBuild,14,26,719,0.17,0.05,76
d22d5956-ccc4-4818-adf1-b7b199318988,AdvBuild,14,25,1114,0.08,0.06,76
21440c8f-aa80-4836-a820-846c51d24220,AdvBuild,14,25,1339,0.1,0.13,76
486f94a7-91dd-4ec4-a25a-23229b49495b,AdvBuild,14,25,1085,0.06,0.03,76
5e3a3fd9-ae59-419b-a594-ca336695675d,AdvBuild,14,25,1307,0.12,0.04,76
eb4f5676-daee-4027-9903-0a548de6c0e3,AdvBuild,14,25,1558,0.05,0.04,76
faeaa876-2c47-475e-be4d-f99d24dd12e5,AdvBuild,14,25,987,0.05,0.04,76
d5f1551a-c540-4188-bfb6-6848b7922e8f,AdvBuild,14,22,-17,2.04,0.08,74
433e4569-a044-4c47-a760-acac589725c9,AdvBuild,14,26,1273,0.2,0.08,76
880b2015-b683-4fad-826d-b43d47d45598,AdvBuild,14,25,1268,0.09,0.03,76
79080153-b1d7-4f51-a112-68ef781310b7,AdvBuild,14,21,-73,1.76,0.07,61
db923629-d2ac-4908-acad-93b12234c985,AdvBuild,14,26,841,0.1,0.06,76
9df86854-19e6-4785-83e4-51f988e25dd9,AdvBuild,14,27,-79,1.12,0.1, 
35923863-00ae-4fe0-8e7e-dfb8f26f62ff,AdvBuild,14,25,1247,0.07,0.04,76
9969f3cd-21b0-4a69-b81b-ee2167302639,AdvBuild,14,28,475,0.32,0.08,76
7985f7a4-58bd-4027-828a-b16d79ad2929,AdvBuild,14,26,2082,0.15,0.07,76
19f13d02-422c-4b30-911c-d4fcc8a9459a,AdvBuild,14,25,1395,0.06,0.04,76
966fc69c-20fb-44b9-a162-56fca3f17f5f,AdvBuild,14,26,2411,0.18,0.07,76
e9ed22cd-9135-4594-82cc-30e39d73a41a,AdvBuild,14,26,-49,2.16,0.35, 
31157310-72c3-4636-9422-6e6a99b11575,AdvBuild,14,25,1479,0.05,0.04,76
35403394-dbb0-4931-a60a-98a093b7b50d,AdvBuild,14,25,49,0.87,0.14,79
b2721014-9391-4340-b47b-547a1ad646cc,AdvBuild,14,17,-30,1.26,0.12,80
42ba2919-7f29-44b0-8957-a08ce3177884,AdvBuild,14,29,106,0.49,0.08,79
4faa658d-01d0-4218-b8f9-100fc918e960,AdvBuild,14,31,91,0.55,0.08,79
6fe54b14-c1f1-4bb7-9ad2-2847d0564a64,AdvBuild,14,36,-42,1.49,0.13,67
6b4af99e-ba50-49d9-b901-ad3b46422c53,AdvBuild,14,30,412,0.2,0.04,79
2a58d05d-3f99-4687-b44c-ba974618a07d,AdvBuild,14,21,-1185,0.14,0.12,71
a69982dd-7913-453e-afde-b7d0037343c2,AdvBuild,14,9,10,1.65,0.24,80
ca683d0f-3d79-4ef9-9cab-50e661b0494e,AdvBuild,14,29,212,0.18,0.05,77
194b6e0b-8a9a-49dc-a08a-876d38a1a5dd,AdvBuild,14,12,-1417,0.1,0.15,87
ccf57db2-6347-48b9-bcac-8d79385672e5,AdvBuild,14,16,-8,2.33,0.15,65
81aeb9f9-a7d9-47f1-a5cc-46173d2dd989,AdvBuild,14,33,61,0.63,0.13,79
7e3a46f0-43ce-4008-8d9c-280404ab452e,AdvBuild,14,32,-19,1.27,0.14, 
19406ac0-0a6d-46f0-a45c-5776eb5c334c,AdvBuild,14,25,-31,1.12,0.08,78
14960a73-6ee1-4e99-8ba1-190b0d5a1955,AdvBuild,14,30.8,305,0.41,0.06,78.7
4743c602-9116-44f7-b732-066b068c06a4,AdvBuild,14,,, ,  ,
c6665a9b-2e77-485c-a8b7-bf13d5221a3f,AdvBuild,14,31,-299,1.58,0.36,76
e21e6df5-7a1c-479a-bd54-d8a7f6b09fa5,AdvBuild,14,14,-154,0.67,0.23,80
14b05eed-e4ba-4c56-8995-8a0472506b1a,AdvBuild,14,29,125,0.38,0.12,79
cb33b22a-492a-4efa-83bf-6b232bc406c1,AdvBuild,14,24.2,590,0.45,0.05,76.8
9b3a4660-7514-4d36-86a5-6ab76d427bc1,AdvBuild,14,24.8,732,0.25,0.06,76.7
b57b6d69-0516-4a87-a8bb-07f9f1c8a906,AdvBuild,14,32,130,0.89,0.16,78
65f1a5ae-c370-40db-9798-739c86c93c99,AdvBuild,14,18,-383,1.04,0.24,69
e6073458-6aac-44df-93d6-e9f8e4749c56,AdvBuild,14,26,849,0.23,0.16,77
2cc6d21b-0c57-4804-bd35-b70f173e0cb3,AdvBuild,14,24,-2260,0.37,0.11,79
833a83f5-a3b5-4476-87fd-b155a35e1623,AdvBuild,14,25,949,0.22,0.17,77
67beb0c3-77fe-4886-b939-e766e0fa30ee,AdvBuild,14,25,807,0.18,0.06,77
22d144a1-86fa-4847-8daf-37f920c29b59,AdvBuild,14,30,303,0.22,0.04,79
4820614c-a5fd-41b3-8258-0f248862c8de,AdvBuild,14,29,334,0.15,0.07,79
1c5c4944-ce3f-4424-8268-fcfe7f736f75,AdvBuild,14,30,208,0.36,0.07,80
20c72722-dcf4-4f9f-80e5-acfa46859213,AdvBuild,14,25,188,0.36,0.06,78
8287a32a-b4bd-4db3-8361-11277cc8330f,AdvBuild,14,30,111,0.6,0.07,80
ea35d18c-0354-42c9-b024-544f4ddffd64,AdvBuild,14,28,339,0.12,0.05,79
6ba77542-1234-4736-8acc-5946bf62dd24,AdvBuild,14,31,82,0.76,0.1,82
2468c78a-d0d0-4a21-baf9-25b5849aa059,AdvBuild,14,30,305,0.25,0.06,80
b97980ac-5e2f-4b20-a320-e149dfb9f814,AdvBuild,14,30,360,0.24,0.04,80
d4daf3fd-6306-400a-9142-39c7cbffc2d0,AdvBuild,14,28,339,0.11,0.07,78
c7ac415d-8a69-4fc6-9eed-74246c4752ec,AdvBuild,14,31,143,0.28,0.11,80
1abfb26d-50c3-42c5-9115-78e56a289077,AdvBuild,14,32,114,0.38,0.07,80
328936ac-ebb9-41a2-8c7d-7a6e8cf914f9,AdvBuild,14,29,250,0.22,0.05,80
71da2ce2-0382-45de-878b-4cc83fedfd3d,AdvBuild,14,37,-10,2.51,0.18, 
7cbd7be4-40f0-426f-bafb-09056b89de0f,AdvBuild,14,32,196,0.36,0.06,80
32a209fa-a8d1-4a75-a351-bbe786d29eee,AdvBuild,14,30,208,0.37,0.05,79
f105d200-3ede-4997-b7e0-edfb2c72d070,AdvBuild,14,27,244,0.17,0.04,79
4e25f972-01c7-4fa8-b1ea-e514af21281f,AdvBuild,14,32,184,0.29,0.07,80
6efc0d4f-e513-4422-b3a4-5b155740513e,AdvBuild,14,29,217,0.24,0.06,79
255be604-417f-4b32-84d5-68f43b45b913,AdvBuild,14,30,237,0.26,0.07,80
50ea1c90-b21f-488f-b518-4c6da51c2b04,AdvBuild,15,25,1111,0.06,0.04,76
ff36dc4e-da82-47bf-bfdb-6b22aef81da6,AdvBuild,15,25,1410,0.09,0.04,76
e979fd86-3a2a-4ffa-8d9b-0f0fb94b7acc,AdvBuild,15,27,379,0.18,0.04,76
e5909592-2fc1-4b39-8d13-57c215405cbe,AdvBuild,15,29,113,1.78,0.05,77
9d395723-8f82-4f73-a79d-fef196010d62,AdvBuild,15,25,1098,0.21,0.05,76
939c5bab-c39e-4e4a-9e82-ba937cbd0d69,AdvBuild,15,26,1346,0.12,0.04,76
a9b7a5c5-0d3f-4914-b711-04a4302a28af,AdvBuild,15,10,-64,1.02,0.07, 
ef1a2b45-40ed-4504-a430-236b268dd7a4,AdvBuild,15,27,535,0.12,0.04,76
e64c8231-7ee8-4ace-81be-5ebe91248ca2,AdvBuild,15,21,-67,2.55,0.05, 
dc70a3bd-8e0d-4427-b27f-aaad5f0b0f1d,AdvBuild,15,21,-44,1.15,0.29,66
15f5d194-5ce2-4964-870e-4d835376e4bb,AdvBuild,15,11,-35,2.08,0.13,70
3590b6cf-e3f6-4cac-865c-10fbef87a980,AdvBuild,15,25,1313,0.06,0.03,76
37326eda-588d-4486-9145-88fb359000c1,AdvBuild,15,26,927,0.06,0.03,76
d0e530bc-d278-422d-9cb2-44d5d8b6eaf7,AdvBuild,15,25,1251,0.15,0.03,76
813dce71-471d-4ec1-8dc4-d657531abb2c,AdvBuild,15,,-86,0.61,  ,
463cff3e-7406-4b1e-9e80-bbdb0d7a6024,AdvBuild,15,26,2244,0.07,0.03,77
d436d781-2012-4e13-9521-319f4d129c11,AdvBuild,16,25,1287,0.07,0.04,75
d0bd3c45-5dd9-48c5-9e46-b3bcb7df134d,AdvBuild,16,25,495,0.13,0.08,75
56d32773-0955-4b8a-91b0-538c2f245fd7,AdvBuild,16,27,518,0.16,0.04,75
6db14539-6b61-47e1-a81c-7cb6b2bf4645,AdvBuild,16,25,985,0.12,0.03,75
b39f29c9-b4db-4dc9-9494-e38dd0b5c627,AdvBuild,16,24,1381,0.14,0.07,75
20aaf413-f90e-4ab6-b6dc-ba28ce763385,AdvBuild,16,25,1600,0.08,0.03,75
f51adde4-c68a-4d16-acec-bf974daffa1c,AdvBuild,16,24,1485,0.24,0.08,76
e9ab1597-acdd-4605-af06-30c11b9475f5,AdvBuild,16,22,-35,1.88,0.14, 
18d0e839-9047-49a4-9ae6-795bb4652bb8,AdvBuild,16,8,15,1.31,0.29, 
2da1ec10-5242-4ffd-86c9-ea22b5315640,AdvBuild,16,27,366,0.06,0.04,77
07ae37ee-6b86-4a91-8f15-4af8eb8ac686,AdvBuild,16,28,330,0.11,0.04,77
d7cd2d88-a37f-41a2-b367-1a6c4a8f4be3,AdvBuild,16,27,268,0.11,0.04,77
15c76571-86af-40e9-8b90-533ca9a5533c,AdvBuild,16,28,340,0.06,0.04,77
3c8e46b3-38a1-4fdc-9200-283ff0476449,AdvBuild,16,29,96,0.37,0.07,78
129cac78-09ab-4fa8-bb5f-6b7fc31db441,AdvBuild,16,27,315,0.11,0.05,77
391e2dbd-2da2-4487-a679-488959d6bcd4,AdvBuild,16,27,305,0.06,0.03,77
4c76f658-2e5d-4026-904c-e77de497d328,AdvBuild,16,29,187,0.18,0.06,77
8c424955-c883-4333-8708-17b413f59aeb,AdvBuild,16,28,627,0.05,0.03,77
e3156af5-f35e-4e7a-934e-3d08add29d35,AdvBuild,16,27,578,0.08,0.04,77
78438214-bc76-4299-8ad6-820326bfd0dc,AdvBuild,16,28,248,0.21,0.04,77
eaf25a8d-1d72-4b49-9184-a22754ad0010,AdvBuild,16,30,193,0.13,0.05,77
c8a948ee-ac4c-42f6-9e01-8acd177877cd,AdvBuild,16,,, ,  ,
b51e721f-db7a-476a-b76d-d164d97ca582,AdvBuild,16,27,454,0.07,0.04,77
fb3f1ee8-628f-42c7-975c-752ce080ee83,AdvBuild,16,27.4,309,0.08,0.04,77.8
979b3c16-d865-4eab-a726-0e3cb0ebae69,AdvBuild,16,27.5,411,0.09,0.04,78.8
c7b32910-cdfb-475a-a187-b172488436d3,AdvBuild,16,27.3,378,0.06,0.03,78.9
926296ce-58b6-44e5-99e3-39cf68ae550f,AdvBuild,16,27,417,0.06,0.03,78
0f40df0e-3332-4fd7-9e34-52e84c7b7cd1,AdvBuild,16,27,507,0.07,0.05,78
5f6c7f2a-e2a0-451b-a10a-50ccac7f1e33,AdvBuild,16,34,169,0.35,0.13,78
358849cd-2f71-4947-8f47-7a0a64680bf3,AdvBuild,16,14,563,0.09,0.13,84
cfb4734f-9dba-420a-a751-dd728121e8c7,AdvBuild,16,38,78,0.29,0.07,80
8820b323-e256-45f1-9a0e-80a0c3726760,AdvBuild,16,29,295,0.59,0.1,77
efcf7bb9-099e-4978-a38b-42f37b301825,AdvBuild,16,,13,0.15,0.13,
4701dd4c-66e2-48c1-be7f-362b3b6aebb6,AdvBuild,16,26,259,0.19,0.06,79
66d70681-fcae-4ea3-9865-704d06988d32,AdvBuild,16,,, ,  ,
799e0675-e7f7-4e4c-ac01-90b5d58ae8fc,AdvBuild,16,26,414,0.06,0.04,78
09377d73-d745-48b0-86dd-f17412accc5c,AdvBuild,16,,, ,  ,
bc020d3b-28e0-42db-b9d3-189e7a98663f,AdvBuild,16,27,255,0.08,0.04,79
72b27d43-4b78-40b2-a39b-7488dce63a7c,AdvBuild,16,27,242,0.11,0.04,78
370220ab-e5e0-41eb-a3ca-7b01ff31efb4,AdvBuild,16,28,497,0.09,0.03,78
5b02834b-3a79-45b7-b030-8579d3cbf1cc,AdvBuild,16,27,520,0.08,0.03,78
7f693f1a-991c-420d-b3de-4785ed1db218,AdvBuild,16,27,386,0.08,0.04,78
f75215ba-bccd-4043-be04-48a41855e534,AdvBuild,16,28,396,0.08,0.04,78
8ec0b191-c3d1-4d2b-a7e2-6a744f92a1f6,AdvBuild,16,,, ,  ,
185ff40e-aed1-4683-a5c1-789ee260495b,AdvBuild,16,27,577,0.05,0.03,78
6fc12be5-7e70-4f41-ae8d-08ebccb0f435,AdvBuild,16,28,210,0.23,0.07,79
39b42ea5-611a-467a-a81e-164f2bda02f1,AdvBuild,16,27,358,0.07,0.04,78
7b52f8ca-2fbd-4b77-8678-9ac824cc6a46,AdvBuild,16,27,453,0.06,0.04,78
6380c11b-1ff2-4066-8266-ce0156eb3f51,AdvBuild,16,8,34,0.46,1.2,73
df0cdf88-1638-4b5e-b14c-efcf74f64af2,AdvBuild,16,26,244,0.1,0.04,78
d6ab1830-c30c-4930-912c-ce5156c6d82d,AdvBuild,16,27,490,0.07,0.05,78
f4afcd15-c199-4fc1-801b-5ff4d77bc051,AdvBuild,16,,, ,  ,
41f7ffcd-22bd-4953-b37c-c1410684221e,AdvBuild,16,27,253,0.12,0.06,79
1860df51-6637-4f15-8e30-58ecb0a9f8a1,AdvBuild,16,27,206,0.2,0.15,78
886d46f0-cab3-4343-9dc2-24c86de70a11,AdvBuild,16,27,308,0.09,0.04,78
1ecb4241-cab3-4f8f-91fb-1cacfd9e9206,AdvBuild,16,27,553,0.06,0.03,78
aa3678c0-32e2-4676-878f-10416ca8e3f3,AdvBuild,16,27,489,0.06,0.04,78
23ff22f4-dbdc-4535-8886-0ed7ffebbedc,AdvBuild,16,27,479,0.09,0.03,78
7b0d4b8d-2bf3-43d1-8886-c4921917229e,AdvBuild,16,27,251,0.12,0.05,79
8ddfd0d6-48c8-492b-9170-a392fb980f8f,AdvBuild,16,27,584,0.05,0.04,78
6ab1a807-fa1f-4ca1-aad6-ed11b6a4c9e0,AdvBuild,16,28,543,0.08,0.05,78
9eeb81af-43e9-466f-9284-f4a6101e78f7,AdvBuild,16,27,382,0.07,0.04,78
bf55f775-4742-49f5-9235-aecb9d9d72f0,AdvBuild,16,20,791,0.18,0.1,73
d1942e92-b822-4114-8225-afcc17c5f30a,AdvBuild,16,27,352,0.07,0.03,78
23a09307-619f-467a-9314-8b9c59f108d6,AdvBuild,16,27,171,0.57,0.09,79
96eed37f-f7ed-4807-8191-a298215748c4,AdvBuild,17,25,909,0.04,0.04,76
df7a7780-7631-46d2-921d-7bb2ba9573ff,AdvBuild,17,23,855,0.14,0.08,74
d7b56358-3dd4-482e-875f-3eb6896ac529,AdvBuild,17,18,-2274,0.03,0.07,86
2f52266d-7b38-4973-a167-90e696ca5dc2,AdvBuild,17,25,692,0.06,0.06,76
5f58d7c1-851e-4a26-b6fe-61aab7519ccf,AdvBuild,17,25,1111,0.03,0.03,76
0eb92fe8-4115-44a8-859d-c244f61c6836,AdvBuild,17,38,-157,0.11,0.26,80
0bcf3afd-3832-4a3f-824f-1292775aed6f,AdvBuild,17,24.4,1102,0.08,0.06,74.9
076499db-951a-4dcd-877c-748e2e082324,AdvBuild,17,24,990,0.04,0.04,76
982b2266-9004-4a97-8672-03a8ec71dc60,AdvBuild,17,25,885,0.07,0.05,76
dfefb2ec-f43c-46f3-9706-0ced404ff7ba,AdvBuild,17,25,956,0.05,0.03,76
4799c786-c335-472b-bb27-1b743380939e,AdvBuild,17,25,483,0.06,0.04,76
dc81e7d6-2a4d-4593-a64c-1a4d691c3caa,AdvBuild,17,25,1008,0.05,0.04,76
7ec73ba2-1b3d-4d60-8868-bf5e44637308,AdvBuild,17,25,1066,0.06,0.03,76
c6acbf70-2d4d-448e-a0be-ecc4c5fad134,AdvBuild,17,24,1023,0.14,0.03,76
cf05eed1-fcca-480d-b4f1-9c7dbabc4ea4,AdvBuild,17,25,678,0.09,0.03,76
56e4a2ef-d491-4aab-9e9c-59b3f667e3ce,AdvBuild,17,24,956,0.03,0.04,76
967a198e-fd51-4f97-aba5-75ed2407132f,AdvBuild,17,25,678,2.23,0.04,76
23fa3caf-bfc5-40e0-9d72-d4fcfcfa2c14,AdvBuild,17,25,1054,0.03,0.03,76
3181741b-c03b-4fff-a8f4-0fa4e8e56f8f,AdvBuild,17,25,1126,0.08,0.03,76
68ba2ec7-e95f-43fa-806b-5e7226960179,AdvBuild,17,27,-452,0.66,0.34,72
41eb645c-7218-45ef-9edc-c3590d773309,AdvBuild,17,24,1124,0.05,0.03,76
01270d3d-019b-4f06-a2fc-d7d11189c78c,AdvBuild,17,25,1325,0.06,0.04,76
155bc918-ecce-4c09-9147-fae138493f25,AdvBuild,17,24,937,0.07,0.04,76
386a968b-462e-4dd0-8f1d-390fe70b5ab0,AdvBuild,17,26,-47,0.14,0.48,78
973c6340-376e-4d0f-a1bc-00daeeb2ed1f,AdvBuild,17,25,1071,0.07,0.05,76
434e4331-91a5-419e-b508-10cc9d9ee9d1,AdvBuild,17,25,777,0.05,0.04,76
2340719f-5a46-4af9-9a54-8a7f3808d5c6,AdvBuild,17,24,997,0.09,0.05,76
95aa5cde-42d6-464e-9b76-f0e31c899d52,AdvBuild,17,25,1281,0.03,0.03,76
c0d47015-70c8-49be-9b7a-bc04cc1d316f,AdvBuild,17,25,905,0.05,0.03,76
832ba3d4-5759-409a-b8ea-8c39dd913146,AdvBuild,17,25,798,0.05,0.03,76
7dcfeb92-af1d-4e33-bc5a-53ff151c4a1b,AdvBuild,17,24,1063,0.07,0.03,76
82bd621f-2dbb-4c3f-a720-9a7c0ae583dc,AdvBuild,17,24,1134,0.08,0.05,76
efebde1f-1be4-4672-9c0b-e7a88ceda66c,AdvBuild,17,28,135,0.54,0.06,75
0dba9d59-7149-456e-a3c8-2aa237a4e136,AdvBuild,17,14,-84,0.47,0.08,64
0f958be6-702b-4234-9088-b9736508f785,AdvBuild,17,18,-3173,0.04,0.1,86
4ab51b9e-5914-4fe5-86c2-7227029fd46c,AdvBuild,17,25,871,0.07,0.02,76
a2ee95cf-0560-46ed-b4ae-f140187cfd8a,AdvBuild,17,24,882,0.09,0.05,75
0148a44f-38e1-4f42-a732-f53d71b80297,AdvBuild,17,26,761,0.05,0.03,76
b6c7293c-5dff-4428-b097-b3f8fcdd21f1,AdvBuild,17,12,-46,1.55,0.25,71
4fc24131-82cd-4c34-9992-ee06e2d3e853,AdvBuild,17,,, ,  ,
5f263fe9-55f7-4ae9-9446-59ed14469c3e,AdvBuild,17,28,316,0.19,0.08,78
949a3f63-f852-4908-820a-3d779271bf52,AdvBuild,17,29,406,0.1,0.05,78
f22d5bf1-9a66-458f-8424-bb4d1e075118,AdvBuild,17,30,333,0.08,0.04,78
c271059e-d822-4825-a1f1-8c96b03070f7,AdvBuild,17,25,1021,0.07,0.05,76
3cacb7f0-1a0a-4240-9d5d-4c946616917f,AdvBuild,17,25,1151,0.04,0.03,76
a9a57769-eff7-4b1a-997f-f329a66b3621,AdvBuild,17,34,693,0.22,0.04,76
70578312-7c9a-46fc-8f09-4f2293a1042d,AdvBuild,17,25,1360,0.05,0.03,77
480fbc42-d51c-44b6-a6ac-88f0e4a336dc,AdvBuild,17,25,996,0.04,0.02,76
41ef4eed-7545-430e-b776-cabb6b5b93fd,AdvBuild,17,25,1383,0.05,0.03,77
a7299533-39fa-43b8-ba8f-4b65d3cfc7ef,AdvBuild,17,39,-87,0.34,0.33,81
0475284b-5f73-48a2-aab9-014bfc0da7b8,AdvBuild,17,25,1065,0.04,0.07,77
87249cf0-caf9-4301-8dad-a5524288e7a7,AdvBuild,17,25,1518,0.09,0.06,77
b0d52a53-2a55-4927-8407-984416fea07c,AdvBuild,17,25,1304,0.04,0.05,77
03a4c8a3-51cb-439c-8591-d5140bb56b87,AdvBuild,17,30.7,274,0.13,0.05,80.2
abc6d4e6-1b77-4344-8c26-1bd6ef784490,AdvBuild,17,30,304,0.14,0.05,79.9
f339008a-8390-4629-8a1c-ddc696493159,AdvBuild,17,31.7,212,0.21,0.06,80.4
bafbca37-1eab-4133-b60d-9814aa2e8408,AdvBuild,17,35.6,179,0.32,0.12,78.7
a1e37b8d-472b-419f-809a-65bfad3632a5,AdvBuild,17,,, ,  ,
5fc7e8cc-c006-4225-8e8c-72f5eab3c57e,AdvBuild,17,32,285,0.15,0.05,79
3b6d5331-4d5c-4e42-a54c-5a2b7b019821,AdvBuild,17,40,10,2.95,0.41,80
60e632f6-37bf-48a7-939e-28841bb2855d,AdvBuild,17,,, ,  ,
d7c8cd72-8227-4986-a14d-d48ac7e67dee,AdvBuild,17,25,-106,2.02,0.3,76
b5c9c869-ad43-4ba3-9c6d-c2e5cf5c12e8,AdvBuild,17,32,-107,3.59,0.39,77
c375abb7-6dd3-47a4-8d0a-7181994a506d,AdvBuild,17,31,374,1.55,0.13,79
0e291c46-c23a-4b77-a562-968c423b7f0b,AdvBuild,17,35,90,4.77,0.66,77
5c6fa589-a9fe-486c-abda-c2537f82f2fc,AdvBuild,17,31,199,0.13,0.07,80
17ba8ca7-56db-42c4-b27c-55593f98958b,AdvBuild,17,,, ,  ,
31c3419f-bd40-44ea-9386-515935c3e9c0,AdvBuild,17,,, ,  ,
1b298fb1-3947-439f-8db3-74949c596950,AdvBuild,17,29,212,0.14,0.04,79
1101bdd6-9714-451f-8b88-7bd2099df256,AdvBuild,17,,, ,  ,
a2360e9a-908f-4785-bfff-f79157bbb34e,AdvBuild,17,,, ,  ,
0eab15ae-aaee-4247-8812-2e714f9db632,AdvBuild,17,18,-247,0.08,0.22,83
a0d7116f-14a6-4b5f-ad43-3630fef1f107,AdvBuild,17,,, ,  ,
c58fc586-60d6-43b0-b961-ad513c3e69b2,AdvBuild,17,30,263,0.14,0.05,79
519ea8a2-8006-446d-982e-a7c1f1bfe415,AdvBuild,17,,, ,  ,
77bbd24b-b640-4ee6-8783-6873637a38f8,AdvBuild,17,30,265,0.13,0.06,79
96c48019-0bc3-4744-ae14-f511974d75ea,AdvBuild,17,,, ,  ,
612dcf45-2929-46ba-86d5-9ca8d701e9a8,AdvBuild,17,,, ,  ,
1721054f-5bfb-453b-b089-1cf276a4007f,AdvBuild,17,23,314,0.19,0.06,79
9472e814-074d-4d33-8324-056a8737273c,AdvBuild,17,,, ,  ,
c0f572c7-c1f6-4a74-b360-cc8f38edbb31,AdvBuild,17,30,250,0.17,0.06,79
00213fd8-f488-4a0e-b6d1-73b8761b4fbc,AdvBuild,17,,, ,  ,
637537fa-0ab3-4c24-9fb7-fe42d94eae58,AdvBuild,18,25,523,0.07,0.06,75
e8417778-fb4c-43b9-aaf9-680a63b4d6d3,AdvBuild,18,26,2237,0.02,0.02,76
1e2afd4d-2523-4801-b1b8-bd060f6bcb34,AdvBuild,18,27,2205,0.02,0.02,76
94c6556a-02f2-47e1-b35c-da179056a735,AdvBuild,18,25,1145,0.11,0.07,76
9d6850b3-f017-4b67-b9e5-6cf1fdddfefa,AdvBuild,18,27,339,0.21,0.05,76
0c3751d3-b5b0-4ae5-b99c-e15c27e379f2,AdvBuild,18,26,1958,0.08,0.03,76
c4e89bcf-1f0c-47ef-b3b7-d3e6d436bfc5,AdvBuild,18,27,189,0.25,0.05,76
83e653f1-2041-4e47-9e95-bf40d09b11fb,AdvBuild,18,,, ,  ,
826b3563-e37c-4581-9645-cc67340a4023,AdvBuild,18,15,-52,1.11,0.31,77
c30b4fd9-2a14-456f-b5ef-b1823ce99d67,AdvBuild,18,26,1987,0.03,0.03,76
5414a3c4-2f48-440d-9d9e-585cd268f731,AdvBuild,18,15,-18,0.8,0.24,76
270195c9-dff7-4d2f-8798-57e669359ef6,AdvBuild,18,24,1046,0.06,0.04,75
482dd28b-b80c-4ee1-983b-520fd90423da,AdvBuild,18,24,1009,0.05,0.03,75
dc2207a6-f92f-43f0-9966-e1258ae2037d,AdvBuild,18,14,-43,0.63,0.18, 
6889cd3d-5277-4d14-9fa7-4e4875a7deb3,AdvBuild,18,24,917,0.07,0.05,76
a97a45fe-96de-43d3-aa35-c9e1d1e3613b,AdvBuild,18,26,2127,0.05,0.02,76
ad2d6d1f-ea5c-4e77-a3b2-6258df3a35cd,AdvBuild,18,25,376,0.23,0.17,76
23b54553-e076-494f-8fec-c8b55ec321d2,AdvBuild,18,24,953,0.05,0.05,76
b3694c0d-87a2-4327-8602-ce7dfc3d1784,AdvBuild,18,25,128,0.27,0.05,76
2ef8f663-7e54-4c81-8948-16f05480cf27,AdvBuild,18,28,32,1.91,0.16,76
c12e6484-0b8e-4b98-994e-0bead136de49,AdvBuild,18,24,1215,0.06,0.04,75
15602184-70fe-46f4-bea6-2ea7546a57dd,AdvBuild,18,24,1032,0.08,0.04,76
fc102dcc-4a4b-4bbf-a36f-d5a8a5fb9044,AdvBuild,18,24,1085,0.06,0.06,76
dd487150-4e8f-46a6-aca0-1f5a61976b68,AdvBuild,18,10,-30,0.54,0.15,62
5800bfeb-bff4-4f1f-83b2-8c630fee3836,AdvBuild,18,,, ,  ,
35c76073-dd2f-4b24-ab1a-1bed627114f6,AdvBuild,18,25,1052,0.08,0.05,76
17a98b65-5a43-461d-af48-cbf15d74e9a8,AdvBuild,18,26,460,0.09,0.06,75
db8fa29d-eb25-4da6-84fc-8560ac9d3fc2,AdvBuild,18,24,908,0.06,0.11,76
e3455fcd-ea51-4f55-859b-f30092a0aca1,AdvBuild,18,30,73,1.49,0.08,76
bc4f34f9-0fd4-440e-a040-4bf3e0ed407f,AdvBuild,18,24,1190,0.11,0.05,76
d3104444-1d90-47b7-a2fd-c8dc9648bf86,AdvBuild,18,31,63,0.84,0.06,76
21514680-b7ab-4656-8497-5376c770a2c9,AdvBuild,18,24,1021,0.08,0.02,76
00431986-688c-4bd9-847a-259c6862b6f9,AdvBuild,18,18,56,0.79,0.09,79
fc1b0af2-c73a-4a84-8855-3b9138a81be8,AdvBuild,18,29,383,0.05,0.04,77
c9ba7c10-3e3a-42e3-bb75-1c12a9731c33,AdvBuild,18,29,392,0.06,0.04,77
dee199e9-6211-4572-a68d-18bb67e1b592,AdvBuild,18,8,6,2.18,0.27,70
5fb09935-9dec-44f7-ab41-c6418a33183f,AdvBuild,18,32,125,0.18,0.07,78
691bf126-d98a-4e17-8396-b823f69c01d9,AdvBuild,18,40,-7,1.88,0.14, 
4ca066cb-1463-43ff-9b2e-34bb41109805,AdvBuild,18,29,109,0.68,0.61,65
1d9b149b-0783-4429-bce8-dfc2eefdec4a,AdvBuild,18,35,33,0.5,0.1,79
e7102f4e-8943-452f-bdad-593b0d9d7159,AdvBuild,18,30,355,0.09,0.04,77
ae3442ab-c5d1-4235-8dbd-5d0df899e797,AdvBuild,18,32,123,0.17,0.07,78
ea2ed1c2-80da-4611-a6a9-ef6a50c1b60a,AdvBuild,18,19,16,0.94,0.17,65
fca1c125-e130-45ef-bbc6-fef1588e60be,AdvBuild,18,26,-12,1.49,0.22,67
7bf1a5fe-a569-45ae-9963-1f6b514f4cd2,AdvBuild,18,16,8,1.32,0.1, 
5c4b26d6-5316-461b-9893-89e6d29ff66f,AdvBuild,18,29,145,0.17,0.07,78
fed0bdef-8f89-4d02-b267-34f5649439f5,AdvBuild,18,29,159,0.2,0.07,78
004632a3-47f4-430a-bdc8-3c275b268073,AdvBuild,18,28,264,0.13,0.06,78
7d47cafe-9267-4cb8-8d6c-77d4b3debe3a,AdvBuild,18,28,470,0.09,0.03,78
5a6db84f-8808-4722-8f0d-4e837a6ea67f,AdvBuild,18,29,146,0.18,0.06,78
95a22ab2-ca83-4ae8-8b3d-0edf59ca86c0,AdvBuild,18,29,184,0.14,0.07,78
af99b711-c0b9-4f87-8b5f-46de470bd8c8,AdvBuild,18,29,308,0.09,0.04,78
be30118e-5fb7-49d0-a028-25c790e1212b,AdvBuild,18,30,188,0.18,0.08,78
6ce29ad1-d7fa-4fe6-867b-5db0fd337821,AdvBuild,18,32,104,0.35,0.06,78
f577c690-426c-40cc-af9f-8347a41ad133,AdvBuild,18,29,194,0.12,0.05,78
1e84b4f4-403c-4ac8-ab00-89470256c2c5,AdvBuild,18,31,107,0.19,0.06,78
b7a466c6-e284-4359-8a54-7ac1a238c711,AdvBuild,18,31,106,0.2,0.1,78
3bc8e038-bee2-4241-9008-40dc90fcdc02,AdvBuild,18,34,57,0.31,0.13,78
e5a4007f-089f-4478-872c-4398fa405fbb,AdvBuild,18,29,347,0.06,0.04,78
7eeb80b9-4649-4742-9ebd-1513c80fcf83,AdvBuild,18,24,1519,0.13,0.03,76
b9fbbd40-4c24-454d-a9d6-7333e22a606c,AdvBuild,18,24,1569,0.06,0.09,76
68a81cac-a4ac-472e-89d4-6e3efb370abd,AdvBuild,18,24,1410,0.09,0.02,76
95f860b2-af64-44d3-b200-e5b1e5518597,AdvBuild,18,25,2552,0.15,0.02,77
4ec37bb1-a60e-4e85-8183-fe9b18ffce93,AdvBuild,18,26,1272,0.04,0.03,76
3e6d5b95-cbbc-40e0-a833-cae3e18e56f8,AdvBuild,18,26,1343,0.04,0.04,76
3daaffd9-64c2-4088-a6ad-033fc3435fef,AdvBuild,18,,, ,  ,
18db51fd-2d54-4d12-83ca-b03467ea6cb8,AdvBuild,18,25,1438,0.13,0.04,76
46326e5b-edd6-4cce-ba17-70641af94235,AdvBuild,18,24,1292,0.05,0.07,76
3cb0fa32-9ee5-40ec-bfff-2e9f1f4a672c,AdvBuild,18,30,361,0.05,0.04,79.1
5e8c6d72-9047-4a21-9ab6-072ac33edffe,AdvBuild,18,30.2,319,0.06,0.04,79.3
ff918430-b289-47ea-b32c-5caaaf29e02b,AdvBuild,18,30.4,344,0.1,0.04,79.1
57d7904f-ea80-417b-90f8-5fa569f7bea2,AdvBuild,18,29,407,0.06,0.04,79
04f84d35-177f-43f3-80a7-bd78f1c9340f,AdvBuild,18,29,73,1.61,0.28,76
6e510370-5def-4139-98cd-b0b1121277b9,AdvBuild,18,28.1,274,0.09,0.06,78.4
e5082dbb-925d-4e81-96de-1410d2a59335,AdvBuild,18,29,398,0.06,0.04,78
bfc74196-bbe0-4612-bb12-96ee67d0ee04,AdvBuild,18,30,124,0.25,0.07,80
ee1d949f-4756-419b-915b-0f03437cf389,AdvBuild,18,28,180,0.15,0.06,79
8edb1f43-462c-4d3f-b170-bcc40a1e5881,AdvBuild,18,29,165,0.21,0.06,79
99ed53ce-8d27-4dfa-afb4-643d1767596c,AdvBuild,18,29,150,0.25,0.07,79
003dfeeb-24d6-4683-9f43-a0583c594adc,AdvBuild,18,29,247,0.08,0.04,78
92c5e2c9-a2f7-4069-9d4d-487a24060104,AdvBuild,18,28,572,0.06,0.04,78
7b42ba4c-e86a-48d5-b209-955ffe5dd5ac,AdvBuild,18,28,168,0.16,0.06,79
c82f7e91-2304-4acd-9f0c-8536fef5350a,AdvBuild,18,29,257,0.06,0.05,78
835dfbd8-0e8c-4821-92ed-65808ff22b7c,AdvBuild,18,,, ,  ,
1b3995f5-db03-4b80-897d-d2ea6fa714f5,AdvBuild,18,29,171,0.19,0.06,79
684fc0bc-f55f-49cd-9e51-5cea4bdf74c5,AdvBuild,18,29,268,0.1,0.05,78
fd73c4cb-0a69-411f-99c1-bca429412421,AdvBuild,18,28,195,0.18,0.05,79
2b14e538-8b7c-44fc-b0cb-676f33a2cd3e,AdvBuild,18,29,175,0.12,0.06,78
44a40542-3ac2-4fac-8259-636cd74b95c5,AdvBuild,18,29,248,0.1,0.05,78
f1578e4a-9d0c-4c7e-9962-cfb56f863ecb,AdvBuild,18,28,439,0.26,0.13,78
f70cce08-9727-4886-ae19-4348d17cd3b9,AdvBuild,18,30,195,0.15,0.05,80
b9d62098-5e8b-4a56-9d4c-aba861667171,AdvBuild,18,,, ,  ,
cbef06fc-5b84-40d6-af59-13f2bd6836a1,AdvBuild,18,28,383,0.08,0.04,78
62a027ca-795b-47ee-89f5-da8333fdbfa2,AdvBuild,18,29,354,0.08,0.04,79
f89c342c-1cbe-4645-87ce-47ddae49f03f,AdvBuild,18,30,118,0.4,0.06,79
703ebfc8-808e-4f51-a4f5-ec4f263156ea,AdvBuild,18,28,325,0.09,0.04,79
29197659-5e7d-42f8-a340-a0fd1e0b601d,AdvBuild,18,,, ,  ,
18f12248-e413-4275-a1ea-8da79e48868b,AdvBuild,18,29,306,0.13,0.03,79
22619a42-7474-4977-aec0-4827683cf2fc,AdvBuild,18,29,344,0.07,0.03,78
ce3d9821-ad9f-4783-a79e-476078d39e72,AdvBuild,18,33,106,0.18,0.06,81
c47d542d-3e1c-4d76-894b-07c3cfbb3684,AdvBuild,18,29,346,0.09,0.06,79
e8b246bf-b507-437e-b7a0-6f160113604d,AdvBuild,18,30,272,0.09,0.05,78
6052480e-11bb-4577-b88a-e5c822198b53,AdvBuild,18,29,285,0.06,0.05,78
9db0f428-ce92-4712-b55b-fa49e96d1fbe,AdvBuild,18,29,256,0.08,0.03,78
50411a0b-4b22-4250-b3f2-cbb76eb6bf05,AdvBuild,18,30,222,0.12,0.05,78
27cfe2e5-b492-4f22-8ec0-22353d1a3b31,AdvBuild,18,28,292,0.12,0.05,78
1aa9c389-953a-4f82-a1a0-204ca5862cff,AdvBuild,18,29,242,0.1,0.04,79
6519b5c2-06ee-469d-8883-9d5dec2369fb,AdvBuild,18,29,155,0.14,0.07,79
a4b2038c-25bb-4365-bb96-13c5ef10b5dd,AdvBuild,18,28,363,0.11,0.03,78
ec5d2452-5c48-40c5-9e15-1bde1abd5abf,AdvBuild,18,28,428,0.06,0.04,78
5b4663cd-4f85-4cce-8d16-13d0e2a2d981,AdvBuild,18,,, ,  ,
a5443d8d-7f13-43a8-bba8-9b6d4af0af97,AdvBuild,18,29,340,0.09,0.05,79
5d70af28-d481-4247-b631-b174443ca670,AdvBuild,19, ,, ,0.89,64
148c0ade-c162-41b8-941f-7d6ed71fd7e5,AdvBuild,19,10,-15,0.14,  , 
6f9a4aef-1212-41b7-a957-4f306b354fbd,AdvBuild,21,,48,0.19,  ,
f295b05a-5449-4778-b4dd-bd3596607e61,AdvBuild,21,,-46,0.15,  ,
e24dd55d-5f1b-42e8-86d9-e3b7055ae78d,AdvBuild,21,34,652,0.06,0.03,76
3aa2713a-214e-429f-b985-2360dd2bf78c,AdvBuild,21,,, ,  ,
e1c4c0cc-3d0f-4d79-b2c7-4fa92bf29027,AdvBuild,21,,, ,  ,
0374b995-fff7-4072-862f-61bbfd91ea2e,AdvBuild,22,,, ,  ,
dee18c82-868f-499a-a4e2-109d9ba74b67,AdvBuild,25,26,983,0.03,0.09,77
ab4214c1-039b-4f9b-bc3b-5bfccc449732,AdvBuild,25,26,949,0.09,0.03,77
2e8dab48-3d17-4705-98fe-107dcbfa1fab,AdvBuild,25,25,921,0.05,0.06,77
0555060d-d6d2-4e30-b5c0-707a6b6d0fb5,AdvBuild,25,26,1013,0.04,0.05,77
52992ea1-2091-4cdf-8a22-b21c683e120e,AdvBuild,25,25,1065,0.04,0.04,77
68cf5796-1026-42d6-b366-a5d6376b3cbd,AdvBuild,25,17,-43,0.8,1.02,72
d305a148-98c2-4f1f-8113-f79aab8148cc,AdvBuild,25,26,1146,0.03,0.04,76
96f5df7e-9f48-4f11-a58b-ed35db8a76c6,AdvBuild,25,26,791,0.04,0.04,77
cfbbf3ea-6694-4fb6-a1a9-9fcf7e17741e,AdvBuild,26,25,1635,0.04,0.02,76
25cbf414-9dde-435e-8444-85cab8428dad,AdvBuild,26,25,1287,0.05,0.03,77
da019b00-06d6-4933-8acf-ea093621b805,AdvBuild,26,25,1442,0.06,0.03,77
765cd8a2-3ddc-4ac8-9c6d-a487ace2020d,AdvBuild,26,27,2610,0.04,0.03,76
0b75d104-26aa-4181-a50f-a373bfcfb77f,AdvBuild,26,,, ,  ,
f51d2579-de09-4843-88a5-cba7a8b6ea8b,AdvBuild,26,25,1550,0.04,0.03,76
08c61f09-9f46-4bb4-8393-575f61c76496,AdvBuild,26,25,1274,0.02,0.03,76
525c3a99-7e07-4758-9d2d-da80d6fd5153,AdvBuild,26,26,2840,0.02,0.02,76
924cd34c-44f1-4aaa-9265-85166e23c008,AdvBuild,26,25,1354,0.03,0.06,77
bededb3b-4f4e-452b-994e-f734df84997a,AdvBuild,26,40,-102,1.72,0.43,74
0a889c84-0c4b-47b5-8fc2-eaba93fbb8c5,AdvBuild,26,27,2554,0.02,0.03,76
a57087d0-acff-4ea3-9649-9ff77bfc6ef7,AdvBuild,26,26,2827,0.02,0.02,76
353a1417-3e47-425b-bcab-7c532fbbb124,AdvBuild,26,27,2038,0.02,0.02,76
1e18e15c-4f57-4cc9-890b-7985c8d514e2,AdvBuild,26,26,2739,0.02,0.02,76
13a05a48-3556-4bdc-a084-efbb3e844168,AdvBuild,26,27,2375,0.02,0.03,76
bc307c48-0b5d-4072-899c-6109b002412b,AdvBuild,26,26,2734,0.02,0.03,76
b99c1939-fdb1-4ac7-a77a-75ba61e13bc6,AdvBuild,26,26,2729,0.03,0.03,76
3082c06a-ad30-45d0-840a-3b4537908721,AdvBuild,26,26,2676,0.04,0.02,76
59df4519-b86c-481b-8f6f-e6175e706d6d,AdvBuild,26,27,2231,0.04,0.05,76
5eafd6a9-3387-4ae6-ae78-0a2f696b27fd,AdvBuild,26,27,2339,0.02,0.03,76
0f5b0865-fbd8-494b-9907-ba776a08f657,AdvBuild,26,26,2354,0.02,0.03,76
1b6c9746-3ab5-4112-9dbf-173d12e02e60,AdvBuild,26,27,2411,0.02,0.03,76
6fb5c670-d6e8-4a3b-ba8e-f718aab82615,AdvBuild,26,26,3506,0.02,0.03,77
b847d996-6ac1-4aec-b08e-863ea13c542f,AdvBuild,26,26,2399,0.03,0.02,76
dd5a54fd-b5e1-4434-b948-d677d6ee91b0,AdvBuild,26,26,2613,0.02,0.02,76
362d4d0b-4d1b-4942-a716-ceca4f67f402,AdvBuild,26,26,2604,0.02,0.02,76
ebc5c327-37dc-41b2-b805-9da6df29068e,AdvBuild,26,27,2736,0.02,0.03,76
14acea1b-369a-40fa-b1c1-1563c1ee327d,AdvBuild,27,18,-2780,0.03,0.07,88
aa0de190-834a-47be-96c3-1c4c7cc4f659,AdvBuild,27,26,2087,0.03,0.03,76
39e03c99-1324-4eb2-b51c-7c1fd81c4023,AdvBuild,27,26,1928,0.02,0.02,76
50e97d38-d3da-4f73-abfb-300b419a0dd3,AdvBuild,27,21,-2194,0.05,0.05,86
6e74c83a-fb36-4928-b897-cc9535faaf55,AdvBuild,27,26,1588,0.04,0.04,76
97282c3f-9aae-4e00-9ae5-bb68e2683ccc,AdvBuild,27,19,-1291,0.05,0.08,89
3bca7b96-272d-4834-b86a-4591e0571010,AdvBuild,27,,, ,  ,
5475e873-8343-4be3-b747-a88969ac7239,AdvBuild,27,26,674,0.16,0.04,76
df491d55-43c9-4c20-8bcb-57f7f36d8370,AdvBuild,27,25,1409,0.04,0.04,76
d06337a5-b522-483b-85e5-017d4a57f956,AdvBuild,27,25,1007,0.04,0.03,77
d83a4051-4c04-4ac5-8a88-3397701c7354,AdvBuild,27,25,1106,0.03,0.03,76
97d8d89c-6250-42b3-afb1-22f549c9f048,AdvBuild,27,26,1064,0.03,0.07,77
