﻿cons,inst,lot
752398f6-f8be-4225-a290-1830d92f35bc,InjMold5,TKM-3386
aefcd937-0387-4e14-b26a-6a4e2b425132,InjMold5,TKM-3386
7b2ab41b-5c89-4f91-9b85-55448e013e3b,InjMold5,TKM-3386
dcf799f9-924f-4a30-b8fe-4ef180999fca,InjMold5,TKM-3386
3680ce49-08af-4b22-9fc3-25632b1da392,InjMold5,TKM-3386
1e9ebb6b-3695-471d-9eaf-3ec84f823de0,Injmold4,TKM-3386
0621bd93-267a-4892-9b5e-d97bbaf09030,Injmold4,TKM-3386
5d92ce93-ca4e-4669-8674-f6a73f456fb8,Injmold4,TKM-3386
9c19926f-0dbd-4b29-9049-52148a740be9,Injmold4,TKM-3386
1ad72469-7b58-4c49-b10d-0aa6ea2ea656,Injmold4,TKM-3386
